Time & Date,MachineName,UserComment,UserID,GELHtrOn,GELLevelSwitch,GELMtrOn,GELHtrOut(%),GELTempCell(degF),GELTempMud(degF),GELDialPoll,Depth(ft),TVD(ft),T/D Activity,Lag Depth(ft),Hole Depth(ft),Hole TVD(ft),GELMotorSpeed(rpm),GelHtrOffTm(min),GelHtrOnTm(min)
26-Jul-24 17:23:09:613,DRUPLUS999,,,0,0,0,0,89.06,86,0.5,,,,,,,0,0,0
26-Jul-24 17:23:11:623,DRUPLUS999,,,0,0,0,50,89.06,86,0.5,,,,,,,0,0,0
26-Jul-24 17:23:13:611,DRUPLUS999,,,0,0,0,50,89.06,86,0.5,,,,,,,0,0,0
26-Jul-24 17:23:15:616,DRUPLUS999,,,1,0,0,50,89.06,86,0.5,,,,,,,0,0,0
26-Jul-24 17:23:17:617,DRUPLUS999,,,0,0,0,50,89.06,86,0.5,,,,,,,0,0,0
26-Jul-24 17:23:19:614,DRUPLUS999,,,1,0,0,50,89.06,86,0.5,,,,,,,0,0,0
26-Jul-24 17:23:21:617,DRUPLUS999,,,0,0,0,50,89.06,86,0.5,,,,,,,0,0,0
26-Jul-24 17:23:23:613,DRUPLUS999,,,1,0,1,50,89.06,86,0.5,,,,,,,600,0,0
26-Jul-24 17:23:25:624,DRUPLUS999,,,0,0,1,50,89.06,86,0.5,,,,,,,600,0,0
26-Jul-24 17:23:27:613,DRUPLUS999,,,1,0,1,50,89.24,86,0.5,,,,,,,600,0,0
26-Jul-24 17:23:29:630,DRUPLUS999,,,0,0,1,50,89.24,86,0.5,,,,,,,600,0,0
26-Jul-24 17:23:31:614,DRUPLUS999,,,1,0,1,50,89.24,86,0.5,,,,,,,600,0,0
26-Jul-24 17:23:33:613,DRUPLUS999,,,0,0,1,50,89.42,86,0.5,,,,,,,600,0,0
26-Jul-24 17:23:35:613,DRUPLUS999,,,1,0,1,50,89.6,86,0.5,,,,,,,600,0,0
26-Jul-24 17:23:37:625,DRUPLUS999,,,0,0,1,50,89.78,86,0.5,,,,,,,600,0,0
26-Jul-24 17:23:39:623,DRUPLUS999,,,1,0,1,50,89.96,86,0.5,,,,,,,600,0,0
26-Jul-24 17:23:41:618,DRUPLUS999,,,0,0,1,50,90.32,86,0.5,,,,,,,600,0,0
26-Jul-24 17:23:43:622,DRUPLUS999,,,1,0,1,50,90.5,86,0.5,,,,,,,600,0,0
26-Jul-24 17:23:45:621,DRUPLUS999,,,0,0,1,50,90.86,86,0.5,,,,,,,600,0,0
26-Jul-24 17:23:47:614,DRUPLUS999,,,1,0,1,50,91.22,86,0.5,,,,,,,600,0,0
26-Jul-24 17:23:49:614,DRUPLUS999,,,0,0,1,50,91.58,86,0.5,,,,,,,600,0,0
26-Jul-24 17:23:51:614,DRUPLUS999,,,1,0,1,50,92.12,86,0.5,,,,,,,600,0,0
26-Jul-24 17:23:53:624,DRUPLUS999,,,0,0,1,50,92.48,86.18,0.5,,,,,,,600,0,0
26-Jul-24 17:23:55:615,DRUPLUS999,,,1,0,1,50,93.02,86.18,0.5,,,,,,,600,0,0
26-Jul-24 17:23:57:629,DRUPLUS999,,,0,0,1,50,93.56,86.36,0.5,,,,,,,600,0,0
26-Jul-24 17:23:59:616,DRUPLUS999,,,1,0,1,50,94.28,86.36,0.5,,,,,,,600,0,0
26-Jul-24 17:24:01:616,DRUPLUS999,,,0,0,1,50,94.82,86.36,0.5,,,,,,,600,0,0
26-Jul-24 17:24:03:623,DRUPLUS999,,,1,0,1,50,95.54,86.36,0.5,,,,,,,600,0,0
26-Jul-24 17:24:05:628,DRUPLUS999,,,0,0,1,50,96.44,86.36,0.5,,,,,,,600,0,0
26-Jul-24 17:24:07:617,DRUPLUS999,,,1,0,1,50,96.98,86.54,0.5,,,,,,,600,0,0
26-Jul-24 17:24:09:617,DRUPLUS999,,,0,0,1,50,97.52,86.54,0.5,,,,,,,600,0,0
26-Jul-24 17:24:11:619,DRUPLUS999,,,1,0,1,50,98.42,86.72,0.5,,,,,,,600,0,0
26-Jul-24 17:24:13:628,DRUPLUS999,,,0,0,1,50,98.96,86.72,0.5,,,,,,,600,0,0
26-Jul-24 17:24:15:616,DRUPLUS999,,,1,0,1,50,99.86,86.72,0.5,,,,,,,600,0,0
26-Jul-24 17:24:17:618,DRUPLUS999,,,0,0,1,50,100.58,86.9,0.5,,,,,,,600,0,0
26-Jul-24 17:24:19:628,DRUPLUS999,,,1,0,1,50,101.48,86.9,0.5,,,,,,,600,0,0
26-Jul-24 17:24:21:619,DRUPLUS999,,,0,0,1,50,102.2,86.9,0.5,,,,,,,600,0,0
26-Jul-24 17:24:23:623,DRUPLUS999,,,1,0,1,50,103.28,86.9,0.5,,,,,,,600,0,0
26-Jul-24 17:24:25:619,DRUPLUS999,,,0,0,1,50,103.82,87.08,0.5,,,,,,,600,0,0
26-Jul-24 17:24:27:622,DRUPLUS999,,,1,0,1,50,104.9,87.08,0.4,,,,,,,600,0,0
26-Jul-24 17:24:29:627,DRUPLUS999,,,0,0,1,50,105.62,87.08,0.5,,,,,,,600,0,0
26-Jul-24 17:24:31:618,DRUPLUS999,,,1,0,1,50,106.7,87.26,0.5,,,,,,,600,0,0
26-Jul-24 17:24:33:619,DRUPLUS999,,,0,0,1,50,107.42,87.44,0.5,,,,,,,600,0,0
26-Jul-24 17:24:35:618,DRUPLUS999,,,1,0,1,50,108.32,87.44,0.5,,,,,,,600,0,0
26-Jul-24 17:24:37:627,DRUPLUS999,,,0,0,1,50,109.04,87.44,0.5,,,,,,,600,0,0
26-Jul-24 17:24:39:626,DRUPLUS999,,,1,0,1,50,110.12,87.62,0.5,,,,,,,600,0,0
26-Jul-24 17:24:41:622,DRUPLUS999,,,0,0,1,50,110.84,87.8,0.5,,,,,,,600,0,0
26-Jul-24 17:24:43:618,DRUPLUS999,,,1,0,1,50,111.56,87.8,0.5,,,,,,,600,0,0
26-Jul-24 17:24:45:622,DRUPLUS999,,,0,0,1,50,112.64,87.98,0.5,,,,,,,600,0,0
26-Jul-24 17:24:47:621,DRUPLUS999,,,1,0,1,50,113.36,87.98,0.5,,,,,,,600,0,0
26-Jul-24 17:24:49:623,DRUPLUS999,,,0,0,1,50,114.44,87.98,0.5,,,,,,,600,0,0
26-Jul-24 17:24:51:617,DRUPLUS999,,,1,0,1,50,115.16,88.16,0.5,,,,,,,600,0,0
26-Jul-24 17:24:53:623,DRUPLUS999,,,0,0,1,50,116.24,88.16,0.5,,,,,,,600,0,0
26-Jul-24 17:24:55:622,DRUPLUS999,,,1,0,1,50,116.96,88.16,0.5,,,,,,,600,0,0
26-Jul-24 17:24:57:627,DRUPLUS999,,,0,0,1,50,118.04,88.34,0.5,,,,,,,600,0,0
26-Jul-24 17:24:59:622,DRUPLUS999,,,1,0,1,50,118.76,88.34,0.5,,,,,,,600,0,0
26-Jul-24 17:25:01:630,DRUPLUS999,,,0,0,1,50,119.84,88.7,0.5,,,,,,,600,0,0
26-Jul-24 17:25:03:623,DRUPLUS999,,,1,0,1,50,120.56,88.7,0.5,,,,,,,600,0,0
26-Jul-24 17:25:05:619,DRUPLUS999,,,0,0,1,50,121.64,88.88,0.5,,,,,,,600,0,0
26-Jul-24 17:25:07:622,DRUPLUS999,,,1,0,1,50,122.18,88.88,0.5,,,,,,,600,0,0
26-Jul-24 17:25:09:622,DRUPLUS999,,,0,0,1,50,123.26,89.06,0.5,,,,,,,600,0,0
26-Jul-24 17:25:11:629,DRUPLUS999,,,1,0,1,100,123.98,89.06,0.5,,,,,,,600,0,0
26-Jul-24 17:25:13:621,DRUPLUS999,,,0,0,1,100,124.7,89.24,0.5,,,,,,,600,0,0
26-Jul-24 17:25:15:630,DRUPLUS999,,,1,0,1,100,125.78,89.24,0.5,,,,,,,600,0,0
26-Jul-24 17:25:17:625,DRUPLUS999,,,1,0,1,100,126.5,89.42,0.5,,,,,,,600,0,0
26-Jul-24 17:25:19:626,DRUPLUS999,,,1,0,1,100,127.4,89.6,0.5,,,,,,,600,0,0
26-Jul-24 17:25:21:628,DRUPLUS999,,,1,0,1,100,128.12,89.6,0.5,,,,,,,600,0,0
26-Jul-24 17:25:23:626,DRUPLUS999,,,1,0,1,100,129.2,89.78,0.5,,,,,,,600,0,0
26-Jul-24 17:25:25:625,DRUPLUS999,,,1,0,1,100,129.92,89.78,0.5,,,,,,,600,0,0
26-Jul-24 17:25:27:624,DRUPLUS999,,,1,0,1,100,130.82,89.96,0.5,,,,,,,600,0,0
26-Jul-24 17:25:29:632,DRUPLUS999,,,1,0,1,100,131.54,90.14,0.5,,,,,,,600,0,0
26-Jul-24 17:25:31:623,DRUPLUS999,,,1,0,1,100,132.62,90.32,0.5,,,,,,,600,0,0
26-Jul-24 17:25:33:625,DRUPLUS999,,,1,0,1,100,133.34,90.5,0.5,,,,,,,600,0,0
26-Jul-24 17:25:35:624,DRUPLUS999,,,1,0,1,100,134.6,90.68,0.5,,,,,,,600,0,0
26-Jul-24 17:25:37:630,DRUPLUS999,,,1,0,1,100,135.32,90.68,0.5,,,,,,,600,0,0
26-Jul-24 17:25:39:629,DRUPLUS999,,,1,0,1,100,136.58,90.86,0.5,,,,,,,600,0,0
26-Jul-24 17:25:41:627,DRUPLUS999,,,1,0,1,0,137.48,91.04,0.5,,,,,,,600,0,0
26-Jul-24 17:25:43:625,DRUPLUS999,,,0,0,1,0,138.74,91.22,0.5,,,,,,,600,0,0
26-Jul-24 17:25:45:632,DRUPLUS999,,,0,0,1,0,139.82,91.22,0.5,,,,,,,600,0,0
26-Jul-24 17:25:47:627,DRUPLUS999,,,0,0,1,0,140.72,91.58,0.5,,,,,,,600,0,0
26-Jul-24 17:25:49:632,DRUPLUS999,,,0,0,1,0,142.16,91.76,0.4,,,,,,,600,0,0
26-Jul-24 17:25:51:632,DRUPLUS999,,,0,0,1,0,143.24,91.94,0.5,,,,,,,600,0,0
26-Jul-24 17:25:53:627,DRUPLUS999,,,0,0,1,0,144.86,92.12,0.5,,,,,,,600,0,0
26-Jul-24 17:25:55:631,DRUPLUS999,,,0,0,1,0,145.94,92.48,0.5,,,,,,,600,0,0
26-Jul-24 17:25:57:625,DRUPLUS999,,,0,0,1,0,147.38,92.48,0.5,,,,,,,600,0,0
26-Jul-24 17:25:59:634,DRUPLUS999,,,0,0,1,0,148.46,92.66,0.5,,,,,,,600,0,0
26-Jul-24 17:26:01:630,DRUPLUS999,,,0,0,1,0,149.9,92.84,0.5,,,,,,,600,0,0
26-Jul-24 17:26:03:632,DRUPLUS999,,,0,0,1,0,150.8,93.02,0.5,,,,,,,600,0,0
26-Jul-24 17:26:05:629,DRUPLUS999,,,0,0,1,0,152.24,93.2,0.5,,,,,,,600,0,0
26-Jul-24 17:26:07:629,DRUPLUS999,,,0,0,1,0,152.96,93.38,0.5,,,,,,,600,0,0
26-Jul-24 17:26:09:630,DRUPLUS999,,,0,0,1,0,154.22,93.56,0.5,,,,,,,600,0,0
26-Jul-24 17:26:11:631,DRUPLUS999,,,0,0,1,0,154.94,93.74,0.5,,,,,,,600,0,0
26-Jul-24 17:26:13:634,DRUPLUS999,,,0,0,1,0,155.84,93.92,0.5,,,,,,,600,0,0
26-Jul-24 17:26:15:636,DRUPLUS999,,,0,0,1,0,156.38,93.92,0.5,,,,,,,600,0,0
26-Jul-24 17:26:17:630,DRUPLUS999,,,0,0,1,0,157.28,94.1,0.5,,,,,,,600,0,0
26-Jul-24 17:26:19:630,DRUPLUS999,,,0,0,1,0,157.64,94.28,0.5,,,,,,,600,0,0
26-Jul-24 17:26:21:630,DRUPLUS999,,,0,0,1,0,158,94.46,0.5,,,,,,,600,0,0
26-Jul-24 17:26:23:630,DRUPLUS999,,,0,0,1,0,158.54,94.64,0.5,,,,,,,600,0,0
26-Jul-24 17:26:25:637,DRUPLUS999,,,0,0,1,0,158.9,94.64,0.5,,,,,,,600,0,0
26-Jul-24 17:26:27:635,DRUPLUS999,,,0,0,1,0,159.26,94.82,0.5,,,,,,,600,0,0
26-Jul-24 17:26:29:636,DRUPLUS999,,,0,0,1,0,159.44,94.82,0.5,,,,,,,600,0,0
26-Jul-24 17:26:31:632,DRUPLUS999,,,0,0,1,0,159.8,95,0.5,,,,,,,600,0,0
26-Jul-24 17:26:33:632,DRUPLUS999,,,0,0,1,0,159.98,95,0.5,,,,,,,600,0,0
26-Jul-24 17:26:35:632,DRUPLUS999,,,0,0,1,0,159.98,95,0.5,,,,,,,600,0,0
26-Jul-24 17:26:37:632,DRUPLUS999,,,0,0,1,0,160.16,95.18,0.5,,,,,,,600,0,0
26-Jul-24 17:26:39:642,DRUPLUS999,,,0,0,1,0,160.16,95.36,0.5,,,,,,,600,0,0
26-Jul-24 17:26:41:639,DRUPLUS999,,,0,0,1,0,160.16,95.54,0.5,,,,,,,600,0,0
26-Jul-24 17:26:43:632,DRUPLUS999,,,0,0,1,0,159.98,95.72,0.5,,,,,,,600,0,0
26-Jul-24 17:26:45:641,DRUPLUS999,,,0,0,1,0,159.98,95.9,0.5,,,,,,,600,0,0
26-Jul-24 17:26:47:635,DRUPLUS999,,,0,0,1,0,159.8,95.9,0.5,,,,,,,600,0,0
26-Jul-24 17:26:49:636,DRUPLUS999,,,0,0,1,0,159.8,95.9,0.5,,,,,,,600,0,0
26-Jul-24 17:26:51:636,DRUPLUS999,,,0,0,1,0,159.62,96.08,0.5,,,,,,,600,0,0
26-Jul-24 17:26:53:636,DRUPLUS999,,,0,0,1,0,159.44,96.26,0.5,,,,,,,600,0,0
26-Jul-24 17:26:55:635,DRUPLUS999,,,0,0,1,0,159.26,96.26,0.5,,,,,,,600,0,0
26-Jul-24 17:26:57:634,DRUPLUS999,,,0,0,1,0,159.08,96.44,0.4,,,,,,,600,0,0
26-Jul-24 17:26:59:638,DRUPLUS999,,,0,0,1,0,158.9,96.44,0.5,,,,,,,600,0,0
26-Jul-24 17:27:01:642,DRUPLUS999,,,0,0,1,0,158.54,96.62,0.5,,,,,,,600,0,0
26-Jul-24 17:27:03:638,DRUPLUS999,,,0,0,1,0,158.36,96.62,0.5,,,,,,,600,0,0
26-Jul-24 17:27:05:642,DRUPLUS999,,,0,0,1,0,158,96.8,0.5,,,,,,,600,0,0
26-Jul-24 17:27:07:638,DRUPLUS999,,,0,0,1,0,157.82,96.8,0.5,,,,,,,600,0,0
26-Jul-24 17:27:09:646,DRUPLUS999,,,0,0,1,0,157.46,96.98,0.5,,,,,,,600,0,0
26-Jul-24 17:27:11:636,DRUPLUS999,,,0,0,1,0,157.1,96.98,0.5,,,,,,,600,0,0
26-Jul-24 17:27:13:637,DRUPLUS999,,,0,0,1,0,156.74,97.16,0.5,,,,,,,600,0,0
26-Jul-24 17:27:15:638,DRUPLUS999,,,0,0,1,0,156.56,97.16,0.5,,,,,,,600,0,0
26-Jul-24 17:27:17:638,DRUPLUS999,,,0,0,1,0,156.2,97.16,0.5,,,,,,,600,0,0
26-Jul-24 17:27:19:642,DRUPLUS999,,,0,0,1,0,155.84,97.34,0.5,,,,,,,600,0,0
26-Jul-24 17:27:21:645,DRUPLUS999,,,0,0,1,0,155.48,97.34,0.5,,,,,,,600,0,0
26-Jul-24 17:27:23:642,DRUPLUS999,,,0,0,1,0,155.12,97.52,0.5,,,,,,,600,0,0
26-Jul-24 17:27:25:638,DRUPLUS999,,,0,0,1,0,154.94,97.52,0.5,,,,,,,600,0,0
26-Jul-24 17:27:27:646,DRUPLUS999,,,0,0,1,0,154.58,97.7,0.5,,,,,,,600,0,0
26-Jul-24 17:27:29:644,DRUPLUS999,,,0,0,1,0,154.22,97.7,0.5,,,,,,,600,0,0
26-Jul-24 17:27:31:638,DRUPLUS999,,,0,0,1,0,153.86,97.88,0.5,,,,,,,600,0,0
26-Jul-24 17:27:33:639,DRUPLUS999,,,0,0,1,0,153.5,98.06,0.5,,,,,,,600,0,0
26-Jul-24 17:27:35:644,DRUPLUS999,,,0,0,1,0,153.14,98.06,0.5,,,,,,,600,0,0
26-Jul-24 17:27:37:647,DRUPLUS999,,,0,0,1,0,152.78,98.24,0.5,,,,,,,600,0,0
26-Jul-24 17:27:39:645,DRUPLUS999,,,0,0,1,0,152.42,98.24,0.5,,,,,,,600,0,0
26-Jul-24 17:27:41:639,DRUPLUS999,,,0,0,1,0,152.06,98.24,0.5,,,,,,,600,0,0
26-Jul-24 17:27:43:641,DRUPLUS999,,,0,0,1,0,151.7,98.24,0.5,,,,,,,600,0,0
26-Jul-24 17:27:45:650,DRUPLUS999,,,0,0,1,0,151.34,98.42,0.5,,,,,,,600,0,0
26-Jul-24 17:27:47:640,DRUPLUS999,,,0,0,1,0,150.98,98.6,0.5,,,,,,,600,0,0
26-Jul-24 17:27:49:644,DRUPLUS999,,,0,0,1,0,150.62,98.6,0.5,,,,,,,600,0,0
26-Jul-24 17:27:51:641,DRUPLUS999,,,0,0,1,0,150.26,98.78,0.5,,,,,,,600,0,0
26-Jul-24 17:27:53:647,DRUPLUS999,,,0,0,1,0,149.9,98.78,0.5,,,,,,,600,0,0
26-Jul-24 17:27:55:641,DRUPLUS999,,,0,0,1,0,149.72,98.96,0.5,,,,,,,600,0,0
26-Jul-24 17:27:57:645,DRUPLUS999,,,0,0,1,0,149.18,98.96,0.5,,,,,,,600,0,0
26-Jul-24 17:27:59:647,DRUPLUS999,,,0,0,1,0,149,98.96,0.5,,,,,,,600,0,0
26-Jul-24 17:28:01:645,DRUPLUS999,,,0,0,1,0,148.64,99.14,0.5,,,,,,,600,0,0
26-Jul-24 17:28:03:642,DRUPLUS999,,,0,0,1,0,148.28,99.14,0.5,,,,,,,600,0,0
26-Jul-24 17:28:05:648,DRUPLUS999,,,0,0,1,0,147.92,99.14,0.5,,,,,,,600,0,0
26-Jul-24 17:28:07:642,DRUPLUS999,,,0,0,1,0,147.56,99.14,0.4,,,,,,,600,0,0
26-Jul-24 17:28:09:647,DRUPLUS999,,,0,0,1,0,147.2,99.32,0.5,,,,,,,600,0,0
26-Jul-24 17:28:11:646,DRUPLUS999,,,0,0,1,0,147.02,99.32,0.5,,,,,,,600,0,0
26-Jul-24 17:28:13:644,DRUPLUS999,,,0,0,1,0,146.48,99.5,0.5,,,,,,,600,0,0
26-Jul-24 17:28:15:646,DRUPLUS999,,,0,0,1,0,146.3,99.5,0.5,,,,,,,600,0,0
26-Jul-24 17:28:17:651,DRUPLUS999,,,0,0,1,0,145.94,99.68,0.5,,,,,,,600,0,0
26-Jul-24 17:28:19:645,DRUPLUS999,,,0,0,1,0,145.58,99.68,0.4,,,,,,,600,0,0
26-Jul-24 17:28:21:647,DRUPLUS999,,,0,0,1,0,145.22,99.68,0.5,,,,,,,600,0,0
26-Jul-24 17:28:23:648,DRUPLUS999,,,0,0,1,0,145.04,99.86,0.5,,,,,,,600,0,0
26-Jul-24 17:28:25:646,DRUPLUS999,,,0,0,1,0,144.68,100.04,0.5,,,,,,,600,0,0
26-Jul-24 17:28:27:649,DRUPLUS999,,,0,0,1,0,144.32,100.04,0.5,,,,,,,600,0,0
26-Jul-24 17:28:29:646,DRUPLUS999,,,0,0,1,0,144.14,100.04,0.5,,,,,,,600,0,0
26-Jul-24 17:28:31:653,DRUPLUS999,,,0,0,1,0,143.78,100.22,0.5,,,,,,,600,0,0
26-Jul-24 17:28:33:657,DRUPLUS999,,,0,0,1,0,143.42,100.22,0.5,,,,,,,600,0,0
26-Jul-24 17:28:35:653,DRUPLUS999,,,0,0,1,0,143.06,100.22,0.5,,,,,,,600,0,0
26-Jul-24 17:28:37:645,DRUPLUS999,,,0,0,1,0,142.88,100.22,0.5,,,,,,,600,0,0
26-Jul-24 17:28:39:649,DRUPLUS999,,,0,0,1,0,142.52,100.4,0.5,,,,,,,600,0,0
26-Jul-24 17:28:41:647,DRUPLUS999,,,0,0,1,0,142.34,100.4,0.5,,,,,,,600,0,0
26-Jul-24 17:28:43:649,DRUPLUS999,,,0,0,1,0,141.98,100.58,0.5,,,,,,,600,0,0
26-Jul-24 17:28:45:652,DRUPLUS999,,,0,0,1,0,141.62,100.58,0.5,,,,,,,600,0,0
26-Jul-24 17:28:47:646,DRUPLUS999,,,0,0,1,0,141.44,100.76,0.5,,,,,,,600,0,0
26-Jul-24 17:28:49:646,DRUPLUS999,,,0,0,1,0,141.08,100.76,0.5,,,,,,,600,0,0
26-Jul-24 17:28:51:648,DRUPLUS999,,,0,0,1,0,140.72,100.76,0.5,,,,,,,600,0,0
26-Jul-24 17:28:53:646,DRUPLUS999,,,0,0,1,0,140.54,100.76,0.5,,,,,,,600,0,0
26-Jul-24 17:28:55:650,DRUPLUS999,,,0,0,1,0,140.18,100.94,0.5,,,,,,,600,0,0
26-Jul-24 17:28:57:650,DRUPLUS999,,,0,0,1,0,140,100.94,0.4,,,,,,,600,0,0
26-Jul-24 17:28:59:649,DRUPLUS999,,,0,0,1,0,139.64,101.12,0.5,,,,,,,600,0,0
26-Jul-24 17:29:01:648,DRUPLUS999,,,0,0,1,0,139.46,101.12,0.5,,,,,,,600,0,0
26-Jul-24 17:29:03:648,DRUPLUS999,,,0,0,1,0,139.28,101.12,0.5,,,,,,,600,0,0
26-Jul-24 17:29:05:648,DRUPLUS999,,,0,0,1,0,138.92,101.12,0.5,,,,,,,600,0,0
26-Jul-24 17:29:07:647,DRUPLUS999,,,0,0,1,0,138.74,101.12,0.5,,,,,,,600,0,0
26-Jul-24 17:29:09:653,DRUPLUS999,,,0,0,1,0,138.38,101.3,0.5,,,,,,,600,0,0
26-Jul-24 17:29:11:652,DRUPLUS999,,,0,0,1,0,138.2,101.3,0.5,,,,,,,600,0,0
26-Jul-24 17:29:13:649,DRUPLUS999,,,0,0,1,0,138.02,101.3,0.5,,,,,,,600,0,0
26-Jul-24 17:29:15:657,DRUPLUS999,,,0,0,1,0,137.84,101.48,0.5,,,,,,,600,0,0
26-Jul-24 17:29:17:650,DRUPLUS999,,,0,0,1,0,137.48,101.48,0.5,,,,,,,600,0,0
26-Jul-24 17:29:19:653,DRUPLUS999,,,0,0,1,0,137.3,101.48,0.5,,,,,,,600,0,0
26-Jul-24 17:29:21:650,DRUPLUS999,,,0,0,1,0,136.94,101.66,0.5,,,,,,,600,0,0
26-Jul-24 17:29:23:658,DRUPLUS999,,,0,0,1,0,136.76,101.66,0.5,,,,,,,600,0,0
26-Jul-24 17:29:25:655,DRUPLUS999,,,0,0,1,0,136.58,101.84,0.5,,,,,,,600,0,0
26-Jul-24 17:29:27:659,DRUPLUS999,,,0,0,1,0,136.4,101.84,0.5,,,,,,,600,0,0
26-Jul-24 17:29:29:660,DRUPLUS999,,,0,0,1,0,136.04,101.84,0.5,,,,,,,600,0,0
26-Jul-24 17:29:31:652,DRUPLUS999,,,0,0,1,0,135.86,102.02,0.5,,,,,,,600,0,0
26-Jul-24 17:29:33:652,DRUPLUS999,,,0,0,1,0,135.68,102.02,0.5,,,,,,,600,0,0
26-Jul-24 17:29:35:659,DRUPLUS999,,,0,0,1,0,135.5,102.02,0.5,,,,,,,600,0,0
26-Jul-24 17:29:37:654,DRUPLUS999,,,0,0,1,0,135.32,102.2,0.5,,,,,,,600,0,0
26-Jul-24 17:29:39:653,DRUPLUS999,,,0,0,1,0,134.96,102.2,0.5,,,,,,,600,0,0
26-Jul-24 17:29:41:655,DRUPLUS999,,,0,0,1,0,134.78,102.2,0.5,,,,,,,600,0,0
26-Jul-24 17:29:43:653,DRUPLUS999,,,0,0,1,0,134.6,102.38,0.4,,,,,,,600,0,0
26-Jul-24 17:29:45:661,DRUPLUS999,,,0,0,1,0,134.42,102.38,0.5,,,,,,,600,0,0
26-Jul-24 17:29:47:654,DRUPLUS999,,,0,0,1,0,134.06,102.38,0.5,,,,,,,600,0,0
26-Jul-24 17:29:49:658,DRUPLUS999,,,0,0,1,0,134.06,102.56,0.5,,,,,,,600,0,0
26-Jul-24 17:29:51:660,DRUPLUS999,,,0,0,1,0,133.7,102.56,0.5,,,,,,,600,0,0
26-Jul-24 17:29:53:654,DRUPLUS999,,,0,0,1,0,133.52,102.56,0.5,,,,,,,600,0,0
26-Jul-24 17:29:55:654,DRUPLUS999,,,0,0,1,0,133.34,102.56,0.5,,,,,,,600,0,0
26-Jul-24 17:29:57:665,DRUPLUS999,,,0,0,1,0,133.16,102.74,0.5,,,,,,,600,0,0
26-Jul-24 17:29:59:657,DRUPLUS999,,,0,0,1,0,132.98,102.74,0.5,,,,,,,600,0,0
26-Jul-24 17:30:01:659,DRUPLUS999,,,0,0,1,0,132.8,102.74,0.5,,,,,,,600,0,0
26-Jul-24 17:30:03:664,DRUPLUS999,,,0,0,1,0,132.62,102.92,0.5,,,,,,,600,0,0
26-Jul-24 17:30:05:663,DRUPLUS999,,,0,0,1,0,132.44,102.92,0.5,,,,,,,600,0,0
26-Jul-24 17:30:07:665,DRUPLUS999,,,0,0,1,0,132.26,102.92,0.5,,,,,,,600,0,0
26-Jul-24 17:30:09:665,DRUPLUS999,,,0,0,1,0,132.08,102.92,0.5,,,,,,,600,0,0
26-Jul-24 17:30:11:665,DRUPLUS999,,,0,0,1,0,131.9,102.92,0.4,,,,,,,600,0,0
26-Jul-24 17:30:13:665,DRUPLUS999,,,0,0,1,0,131.72,102.92,0.5,,,,,,,600,0,0
26-Jul-24 17:30:15:664,DRUPLUS999,,,0,0,1,0,131.54,102.92,0.5,,,,,,,600,0,0
26-Jul-24 17:30:17:665,DRUPLUS999,,,0,0,1,0,131.36,102.92,0.5,,,,,,,600,0,0
26-Jul-24 17:30:19:662,DRUPLUS999,,,0,0,1,0,131.18,102.92,0.5,,,,,,,600,0,0
26-Jul-24 17:30:21:660,DRUPLUS999,,,0,0,1,0,131,103.1,0.5,,,,,,,600,0,0
26-Jul-24 17:30:23:670,DRUPLUS999,,,0,0,1,0,130.82,103.1,0.5,,,,,,,600,0,0
26-Jul-24 17:30:25:660,DRUPLUS999,,,0,0,1,0,130.64,103.28,0.5,,,,,,,600,0,0
26-Jul-24 17:30:27:669,DRUPLUS999,,,0,0,1,0,130.46,103.28,0.5,,,,,,,600,0,0
26-Jul-24 17:30:29:669,DRUPLUS999,,,0,0,1,0,130.28,103.28,0.5,,,,,,,600,0,0
26-Jul-24 17:30:31:664,DRUPLUS999,,,0,0,1,0,130.1,103.46,0.5,,,,,,,600,0,0
26-Jul-24 17:30:33:665,DRUPLUS999,,,0,0,1,0,129.92,103.46,0.4,,,,,,,600,0,0
26-Jul-24 17:30:35:672,DRUPLUS999,,,0,0,1,0,129.92,103.28,0.5,,,,,,,600,0,0
26-Jul-24 17:30:37:665,DRUPLUS999,,,0,0,1,0,129.74,103.46,0.5,,,,,,,600,0,0
26-Jul-24 17:30:39:664,DRUPLUS999,,,0,0,1,0,129.56,103.46,0.5,,,,,,,600,0,0
26-Jul-24 17:30:41:665,DRUPLUS999,,,0,0,1,0,129.38,103.46,0.5,,,,,,,600,0,0
26-Jul-24 17:30:43:667,DRUPLUS999,,,0,0,1,0,129.2,103.46,0.5,,,,,,,600,0,0
26-Jul-24 17:30:45:665,DRUPLUS999,,,0,0,1,0,129.02,103.64,0.5,,,,,,,600,0,0
26-Jul-24 17:30:47:674,DRUPLUS999,,,0,0,1,0,128.84,103.64,0.5,,,,,,,600,0,0
26-Jul-24 17:30:49:668,DRUPLUS999,,,0,0,1,0,128.84,103.64,0.5,,,,,,,600,0,0
26-Jul-24 17:30:51:674,DRUPLUS999,,,0,0,1,0,128.66,103.82,0.5,,,,,,,600,0,0
26-Jul-24 17:30:53:665,DRUPLUS999,,,0,0,1,0,128.48,103.82,0.5,,,,,,,600,0,0
26-Jul-24 17:30:55:664,DRUPLUS999,,,0,0,1,0,128.3,103.82,0.5,,,,,,,600,0,0
26-Jul-24 17:30:57:670,DRUPLUS999,,,0,0,1,0,128.12,103.82,0.5,,,,,,,600,0,0
26-Jul-24 17:30:59:665,DRUPLUS999,,,0,0,1,0,128.12,104,0.5,,,,,,,600,0,0
26-Jul-24 17:31:01:670,DRUPLUS999,,,0,0,1,0,127.94,104,0.5,,,,,,,600,0,0
26-Jul-24 17:31:03:667,DRUPLUS999,,,0,0,1,0,127.76,104,0.5,,,,,,,600,0,0
26-Jul-24 17:31:05:668,DRUPLUS999,,,0,0,1,0,127.58,104.18,0.5,,,,,,,600,0,0
26-Jul-24 17:31:07:669,DRUPLUS999,,,0,0,1,0,127.4,104.18,0.5,,,,,,,600,0,0
26-Jul-24 17:31:09:667,DRUPLUS999,,,0,0,1,0,127.4,104.18,0.5,,,,,,,600,0,0
26-Jul-24 17:31:11:676,DRUPLUS999,,,0,0,1,0,127.22,104.18,0.5,,,,,,,600,0,0
26-Jul-24 17:31:13:670,DRUPLUS999,,,0,0,1,0,127.04,104.18,0.5,,,,,,,600,0,0
26-Jul-24 17:31:15:668,DRUPLUS999,,,0,0,1,0,127.04,104.18,0.5,,,,,,,600,0,0
26-Jul-24 17:31:17:669,DRUPLUS999,,,0,0,1,0,126.86,104.36,0.5,,,,,,,600,0,0
26-Jul-24 17:31:19:675,DRUPLUS999,,,0,0,1,0,126.68,104.36,0.5,,,,,,,600,0,0
26-Jul-24 17:31:21:668,DRUPLUS999,,,0,0,1,0,126.68,104.36,0.5,,,,,,,600,0,0
26-Jul-24 17:31:23:675,DRUPLUS999,,,0,0,1,0,126.5,104.36,0.4,,,,,,,600,0,0
26-Jul-24 17:31:25:670,DRUPLUS999,,,0,0,1,0,126.32,104.36,0.5,,,,,,,600,0,0
26-Jul-24 17:31:27:669,DRUPLUS999,,,0,0,1,0,126.14,104.36,0.5,,,,,,,600,0,0
26-Jul-24 17:31:29:679,DRUPLUS999,,,0,0,1,0,126.14,104.36,0.5,,,,,,,600,0,0
26-Jul-24 17:31:31:674,DRUPLUS999,,,0,0,1,0,125.96,104.54,0.5,,,,,,,600,0,0
26-Jul-24 17:31:33:672,DRUPLUS999,,,0,0,1,0,125.78,104.54,0.5,,,,,,,600,0,0
26-Jul-24 17:31:35:670,DRUPLUS999,,,0,0,1,0,125.78,104.54,0.5,,,,,,,600,0,0
26-Jul-24 17:31:37:670,DRUPLUS999,,,0,0,1,0,125.6,104.72,0.5,,,,,,,600,0,0
26-Jul-24 17:31:39:677,DRUPLUS999,,,0,0,1,0,125.6,104.72,0.5,,,,,,,600,0,0
26-Jul-24 17:31:41:670,DRUPLUS999,,,0,0,1,0,125.42,104.72,0.5,,,,,,,600,0,0
26-Jul-24 17:31:43:671,DRUPLUS999,,,0,0,1,0,125.24,104.72,0.5,,,,,,,600,0,0
26-Jul-24 17:31:45:675,DRUPLUS999,,,0,0,1,0,125.24,104.9,0.5,,,,,,,600,0,0
26-Jul-24 17:31:47:672,DRUPLUS999,,,0,0,1,0,125.06,104.9,0.4,,,,,,,600,0,0
26-Jul-24 17:31:49:676,DRUPLUS999,,,0,0,1,0,124.88,104.9,0.5,,,,,,,600,0,0
26-Jul-24 17:31:51:680,DRUPLUS999,,,0,0,1,0,124.88,104.9,0.5,,,,,,,600,0,0
26-Jul-24 17:31:53:673,DRUPLUS999,,,0,0,1,0,124.7,104.9,0.4,,,,,,,600,0,0
26-Jul-24 17:31:55:674,DRUPLUS999,,,0,0,1,0,124.7,104.9,0.4,,,,,,,600,0,0
26-Jul-24 17:31:57:675,DRUPLUS999,,,0,0,1,0,124.52,104.9,0.5,,,,,,,600,0,0
26-Jul-24 17:31:59:679,DRUPLUS999,,,0,0,1,0,124.52,104.9,0.5,,,,,,,600,0,0
26-Jul-24 17:32:01:680,DRUPLUS999,,,0,0,1,0,124.34,105.08,0.4,,,,,,,600,0,0
26-Jul-24 17:32:03:674,DRUPLUS999,,,0,0,1,0,124.16,105.08,0.5,,,,,,,600,0,0
26-Jul-24 17:32:05:680,DRUPLUS999,,,0,0,1,0,124.16,105.08,0.5,,,,,,,600,0,0
26-Jul-24 17:32:07:681,DRUPLUS999,,,0,0,1,0,123.98,105.08,0.5,,,,,,,600,0,0
26-Jul-24 17:32:09:678,DRUPLUS999,,,0,0,1,0,123.98,105.08,0.5,,,,,,,600,0,0
26-Jul-24 17:32:11:673,DRUPLUS999,,,0,0,1,0,123.8,105.08,0.4,,,,,,,600,0,0
26-Jul-24 17:32:13:674,DRUPLUS999,,,0,0,1,0,123.8,105.08,0.5,,,,,,,600,0,0
26-Jul-24 17:32:15:674,DRUPLUS999,,,0,0,1,0,123.62,105.08,0.4,,,,,,,600,0,0
26-Jul-24 17:32:17:674,DRUPLUS999,,,0,0,1,0,123.62,105.08,0.5,,,,,,,600,0,0
26-Jul-24 17:32:19:677,DRUPLUS999,,,0,0,1,0,123.44,105.26,0.4,,,,,,,600,0,0
26-Jul-24 17:32:21:680,DRUPLUS999,,,0,0,1,0,123.44,105.26,0.5,,,,,,,600,0,0
26-Jul-24 17:32:23:675,DRUPLUS999,,,0,0,1,0,123.26,105.26,0.5,,,,,,,600,0,0
26-Jul-24 17:32:25:675,DRUPLUS999,,,0,0,1,0,123.26,105.44,0.5,,,,,,,600,0,0
26-Jul-24 17:32:27:682,DRUPLUS999,,,0,0,1,0,123.08,105.44,0.5,,,,,,,600,0,0
26-Jul-24 17:32:29:682,DRUPLUS999,,,0,0,1,0,123.08,105.44,0.5,,,,,,,600,0,0
26-Jul-24 17:32:31:677,DRUPLUS999,,,0,0,1,0,122.9,105.44,0.5,,,,,,,600,0,0
26-Jul-24 17:32:33:677,DRUPLUS999,,,0,0,1,0,122.9,105.44,0.5,,,,,,,600,0,0
26-Jul-24 17:32:35:676,DRUPLUS999,,,0,0,1,0,122.72,105.44,0.5,,,,,,,600,0,0
26-Jul-24 17:32:37:680,DRUPLUS999,,,0,0,1,0,122.72,105.44,0.5,,,,,,,600,0,0
26-Jul-24 17:32:39:675,DRUPLUS999,,,0,0,1,0,122.54,105.44,0.5,,,,,,,600,0,0
26-Jul-24 17:32:41:676,DRUPLUS999,,,0,0,1,0,122.54,105.62,0.5,,,,,,,600,0,0
26-Jul-24 17:32:43:682,DRUPLUS999,,,0,0,1,0,122.36,105.62,0.5,,,,,,,600,0,0
26-Jul-24 17:32:45:680,DRUPLUS999,,,0,0,1,0,122.36,105.62,0.5,,,,,,,600,0,0
26-Jul-24 17:32:47:679,DRUPLUS999,,,0,0,1,0,122.18,105.8,0.5,,,,,,,600,0,0
26-Jul-24 17:32:49:680,DRUPLUS999,,,0,0,1,0,122.18,105.8,0.5,,,,,,,600,0,0
26-Jul-24 17:32:51:677,DRUPLUS999,,,0,0,1,0,122,105.62,0.4,,,,,,,600,0,0
26-Jul-24 17:32:53:683,DRUPLUS999,,,0,0,1,0,122,105.62,0.5,,,,,,,600,0,0
26-Jul-24 17:32:55:682,DRUPLUS999,,,0,0,1,0,121.82,105.62,0.5,,,,,,,600,0,0
26-Jul-24 17:32:57:681,DRUPLUS999,,,0,0,1,0,121.82,105.62,0.5,,,,,,,600,0,0
26-Jul-24 17:32:59:684,DRUPLUS999,,,0,0,1,0,121.82,105.62,0.5,,,,,,,600,0,0
26-Jul-24 17:33:01:675,DRUPLUS999,,,0,0,1,0,121.64,105.62,0.5,,,,,,,600,0,0
26-Jul-24 17:33:03:675,DRUPLUS999,,,0,0,1,0,121.64,105.8,0.5,,,,,,,600,0,0
26-Jul-24 17:33:05:675,DRUPLUS999,,,0,0,1,0,121.46,105.8,0.5,,,,,,,600,0,0
26-Jul-24 17:33:07:676,DRUPLUS999,,,0,0,1,0,121.46,105.98,0.5,,,,,,,600,0,0
26-Jul-24 17:33:09:681,DRUPLUS999,,,0,0,1,0,121.46,105.98,0.5,,,,,,,600,0,0
26-Jul-24 17:33:11:682,DRUPLUS999,,,0,0,1,0,121.28,105.98,0.5,,,,,,,600,0,0
26-Jul-24 17:33:13:677,DRUPLUS999,,,0,0,1,0,121.28,105.98,0.5,,,,,,,600,0,0
26-Jul-24 17:33:15:679,DRUPLUS999,,,0,0,1,0,121.1,105.98,0.5,,,,,,,600,0,0
26-Jul-24 17:33:17:680,DRUPLUS999,,,0,0,1,0,121.1,105.98,0.5,,,,,,,600,0,0
26-Jul-24 17:33:19:683,DRUPLUS999,,,0,0,1,0,120.92,105.98,0.5,,,,,,,600,0,0
26-Jul-24 17:33:21:683,DRUPLUS999,,,0,0,1,0,120.92,105.98,0.5,,,,,,,600,0,0
26-Jul-24 17:33:23:682,DRUPLUS999,,,0,0,1,0,120.92,105.98,0.4,,,,,,,600,0,0
26-Jul-24 17:33:25:684,DRUPLUS999,,,0,0,1,0,120.74,105.98,0.5,,,,,,,600,0,0
26-Jul-24 17:33:27:685,DRUPLUS999,,,0,0,1,0,120.74,106.16,0.5,,,,,,,600,0,0
26-Jul-24 17:33:29:685,DRUPLUS999,,,0,0,1,0,120.74,106.16,0.5,,,,,,,600,0,0
26-Jul-24 17:33:31:688,DRUPLUS999,,,0,0,1,0,120.56,106.16,0.5,,,,,,,600,0,0
26-Jul-24 17:33:33:682,DRUPLUS999,,,0,0,1,0,120.56,106.16,0.5,,,,,,,600,0,0
26-Jul-24 17:33:35:682,DRUPLUS999,,,0,0,1,0,120.38,106.16,0.5,,,,,,,600,0,0
26-Jul-24 17:33:37:686,DRUPLUS999,,,0,0,1,0,120.38,106.16,0.5,,,,,,,600,0,0
26-Jul-24 17:33:39:691,DRUPLUS999,,,0,0,1,0,120.38,106.16,0.5,,,,,,,600,0,0
26-Jul-24 17:33:41:683,DRUPLUS999,,,0,0,1,0,120.2,105.98,0.5,,,,,,,600,0,0
26-Jul-24 17:33:43:683,DRUPLUS999,,,0,0,1,0,120.2,106.16,0.5,,,,,,,600,0,0
26-Jul-24 17:33:45:688,DRUPLUS999,,,0,0,1,0,120.2,106.16,0.5,,,,,,,600,0,0
26-Jul-24 17:33:47:687,DRUPLUS999,,,0,0,1,0,120.02,106.16,0.5,,,,,,,600,0,0
26-Jul-24 17:33:49:684,DRUPLUS999,,,0,0,1,0,120.02,106.16,0.5,,,,,,,600,0,0
26-Jul-24 17:33:51:683,DRUPLUS999,,,0,0,1,0,120.02,106.16,0.5,,,,,,,600,0,0
26-Jul-24 17:33:53:684,DRUPLUS999,,,0,0,1,0,119.84,106.16,0.5,,,,,,,600,0,0
26-Jul-24 17:33:55:688,DRUPLUS999,,,0,0,1,0,119.84,106.16,0.5,,,,,,,600,0,0
26-Jul-24 17:33:57:683,DRUPLUS999,,,0,0,1,0,119.66,106.16,0.5,,,,,,,600,0,0
26-Jul-24 17:33:59:684,DRUPLUS999,,,0,0,1,0,119.66,106.34,0.5,,,,,,,600,0,0
26-Jul-24 17:34:01:688,DRUPLUS999,,,0,0,1,0,119.66,106.34,0.5,,,,,,,600,0,0
26-Jul-24 17:34:03:688,DRUPLUS999,,,0,0,1,0,119.66,106.34,0.5,,,,,,,600,0,0
26-Jul-24 17:34:05:685,DRUPLUS999,,,0,0,1,0,119.48,106.34,0.5,,,,,,,600,0,0
26-Jul-24 17:34:07:690,DRUPLUS999,,,0,0,1,0,119.48,106.34,0.5,,,,,,,600,0,0
26-Jul-24 17:34:09:682,DRUPLUS999,,,0,0,1,0,119.3,106.34,0.5,,,,,,,600,0,0
26-Jul-24 17:34:11:692,DRUPLUS999,,,0,0,1,0,119.3,106.34,0.5,,,,,,,600,0,0
26-Jul-24 17:34:13:684,DRUPLUS999,,,0,0,1,0,119.3,106.34,0.4,,,,,,,600,0,0
26-Jul-24 17:34:15:686,DRUPLUS999,,,0,0,1,0,119.3,106.34,0.5,,,,,,,600,0,0
26-Jul-24 17:34:17:692,DRUPLUS999,,,0,0,1,0,119.12,106.34,0.5,,,,,,,600,0,0
26-Jul-24 17:34:19:687,DRUPLUS999,,,0,0,1,0,119.12,106.34,0.5,,,,,,,600,0,0
26-Jul-24 17:34:21:687,DRUPLUS999,,,0,0,1,0,119.12,106.52,0.5,,,,,,,600,0,0
26-Jul-24 17:34:23:685,DRUPLUS999,,,0,0,1,0,118.94,106.52,0.5,,,,,,,600,0,0
26-Jul-24 17:34:25:685,DRUPLUS999,,,0,0,1,0,118.94,106.52,0.5,,,,,,,600,0,0
26-Jul-24 17:34:27:690,DRUPLUS999,,,0,0,1,0,118.94,106.52,0.5,,,,,,,600,0,0
26-Jul-24 17:34:29:686,DRUPLUS999,,,0,0,1,0,118.76,106.52,0.5,,,,,,,600,0,0
26-Jul-24 17:34:31:686,DRUPLUS999,,,0,0,1,0,118.76,106.52,0.5,,,,,,,600,0,0
26-Jul-24 17:34:33:691,DRUPLUS999,,,0,0,1,0,118.76,106.52,0.5,,,,,,,600,0,0
26-Jul-24 17:34:35:684,DRUPLUS999,,,0,0,1,0,118.76,106.52,0.5,,,,,,,600,0,0
26-Jul-24 17:34:37:686,DRUPLUS999,,,0,0,1,0,118.58,106.52,0.5,,,,,,,600,0,0
26-Jul-24 17:34:39:685,DRUPLUS999,,,0,0,1,0,118.58,106.52,0.5,,,,,,,600,0,0
26-Jul-24 17:34:41:688,DRUPLUS999,,,0,0,1,0,118.58,106.7,0.5,,,,,,,600,0,0
26-Jul-24 17:34:43:692,DRUPLUS999,,,0,0,1,0,118.4,106.7,0.5,,,,,,,600,0,0
26-Jul-24 17:34:45:690,DRUPLUS999,,,0,0,1,0,118.4,106.7,0.5,,,,,,,600,0,0
26-Jul-24 17:34:47:694,DRUPLUS999,,,0,0,1,0,118.4,106.7,0.5,,,,,,,600,0,0
26-Jul-24 17:34:49:686,DRUPLUS999,,,0,0,1,0,118.4,106.7,0.5,,,,,,,600,0,0
26-Jul-24 17:34:51:687,DRUPLUS999,,,0,0,1,0,118.22,106.7,0.4,,,,,,,600,0,0
26-Jul-24 17:34:53:693,DRUPLUS999,,,0,0,1,0,118.22,106.7,0.5,,,,,,,600,0,0
26-Jul-24 17:34:55:695,DRUPLUS999,,,0,0,1,0,118.22,106.7,0.5,,,,,,,600,0,0
26-Jul-24 17:34:57:688,DRUPLUS999,,,0,0,1,0,118.22,106.7,0.5,,,,,,,600,0,0
26-Jul-24 17:34:59:690,DRUPLUS999,,,0,0,1,0,118.04,106.7,0.5,,,,,,,600,0,0
26-Jul-24 17:35:01:697,DRUPLUS999,,,0,0,1,0,118.04,106.7,0.5,,,,,,,600,0,0
26-Jul-24 17:35:03:692,DRUPLUS999,,,0,0,1,0,118.04,106.7,0.5,,,,,,,600,0,0
26-Jul-24 17:35:05:692,DRUPLUS999,,,0,0,1,0,117.86,106.7,0.5,,,,,,,600,0,0
26-Jul-24 17:35:07:701,DRUPLUS999,,,0,0,1,0,117.86,106.7,0.4,,,,,,,600,0,0
26-Jul-24 17:35:09:693,DRUPLUS999,,,0,0,1,0,117.86,106.7,0.5,,,,,,,600,0,0
26-Jul-24 17:35:11:692,DRUPLUS999,,,0,0,1,0,117.86,106.7,0.5,,,,,,,600,0,0
26-Jul-24 17:35:13:698,DRUPLUS999,,,0,0,1,0,117.68,106.7,0.5,,,,,,,600,0,0
26-Jul-24 17:35:15:693,DRUPLUS999,,,0,0,1,0,117.68,106.7,0.5,,,,,,,600,0,0
26-Jul-24 17:35:17:695,DRUPLUS999,,,0,0,1,0,117.68,106.88,0.5,,,,,,,600,0,0
26-Jul-24 17:35:19:694,DRUPLUS999,,,0,0,1,0,117.68,106.88,0.5,,,,,,,600,0,0
26-Jul-24 17:35:21:703,DRUPLUS999,,,0,0,1,0,117.68,106.88,0.5,,,,,,,600,0,0
26-Jul-24 17:35:23:694,DRUPLUS999,,,0,0,1,0,117.5,106.88,0.5,,,,,,,600,0,0
26-Jul-24 17:35:25:703,DRUPLUS999,,,0,0,1,0,117.5,106.88,0.5,,,,,,,600,0,0
26-Jul-24 17:35:27:702,DRUPLUS999,,,0,0,1,0,117.5,106.88,0.5,,,,,,,600,0,0
26-Jul-24 17:35:29:696,DRUPLUS999,,,0,0,1,0,117.5,106.88,0.5,,,,,,,600,0,0
26-Jul-24 17:35:31:694,DRUPLUS999,,,0,0,1,0,117.32,106.88,0.5,,,,,,,600,0,0
26-Jul-24 17:35:33:706,DRUPLUS999,,,0,0,1,0,117.32,106.88,0.5,,,,,,,600,0,0
26-Jul-24 17:35:35:696,DRUPLUS999,,,0,0,1,0,117.32,106.88,0.5,,,,,,,600,0,0
26-Jul-24 17:35:37:706,DRUPLUS999,,,0,0,1,0,117.32,106.88,0.5,,,,,,,600,0,0
26-Jul-24 17:35:39:698,DRUPLUS999,,,0,0,1,0,117.14,106.88,0.5,,,,,,,600,0,0
26-Jul-24 17:35:41:696,DRUPLUS999,,,0,0,1,0,117.14,106.88,0.5,,,,,,,600,0,0
26-Jul-24 17:35:43:696,DRUPLUS999,,,0,0,1,0,117.14,106.88,0.5,,,,,,,600,0,0
26-Jul-24 17:35:45:698,DRUPLUS999,,,0,0,1,0,117.14,106.88,0.5,,,,,,,600,0,0
26-Jul-24 17:35:47:704,DRUPLUS999,,,0,0,1,0,117.14,106.88,0.4,,,,,,,600,0,0
26-Jul-24 17:35:49:700,DRUPLUS999,,,0,0,1,0,116.96,106.88,0.5,,,,,,,600,0,0
26-Jul-24 17:35:51:696,DRUPLUS999,,,0,0,1,0,116.96,106.88,0.5,,,,,,,600,0,0
26-Jul-24 17:35:53:703,DRUPLUS999,,,0,0,1,0,116.96,107.06,0.5,,,,,,,600,0,0
26-Jul-24 17:35:55:701,DRUPLUS999,,,0,0,1,0,116.96,106.88,0.5,,,,,,,600,0,0
26-Jul-24 17:35:57:703,DRUPLUS999,,,0,0,1,0,116.78,106.88,0.5,,,,,,,600,0,0
26-Jul-24 17:35:59:705,DRUPLUS999,,,0,0,1,0,116.78,106.88,0.5,,,,,,,600,0,0
26-Jul-24 17:36:01:707,DRUPLUS999,,,0,0,1,0,116.78,106.88,0.5,,,,,,,600,0,0
26-Jul-24 17:36:03:697,DRUPLUS999,,,0,0,1,0,116.78,106.88,0.5,,,,,,,600,0,0
26-Jul-24 17:36:05:700,DRUPLUS999,,,0,0,1,0,116.78,106.88,0.5,,,,,,,600,0,0
26-Jul-24 17:36:07:698,DRUPLUS999,,,0,0,1,0,116.6,106.88,0.5,,,,,,,600,0,0
26-Jul-24 17:36:09:704,DRUPLUS999,,,0,0,1,0,116.6,106.88,0.4,,,,,,,600,0,0
26-Jul-24 17:36:11:698,DRUPLUS999,,,0,0,1,0,116.6,106.88,0.5,,,,,,,600,0,0
26-Jul-24 17:36:13:698,DRUPLUS999,,,0,0,1,0,116.6,107.06,0.5,,,,,,,600,0,0
26-Jul-24 17:36:15:698,DRUPLUS999,,,0,0,1,0,116.6,107.06,0.5,,,,,,,600,0,0
26-Jul-24 17:36:17:700,DRUPLUS999,,,0,0,1,0,116.42,107.06,0.5,,,,,,,600,0,0
26-Jul-24 17:36:19:700,DRUPLUS999,,,0,0,1,0,116.42,107.06,0.5,,,,,,,600,0,0
26-Jul-24 17:36:21:698,DRUPLUS999,,,0,0,1,0,116.42,107.06,0.5,,,,,,,600,0,0
26-Jul-24 17:36:23:698,DRUPLUS999,,,0,0,1,0,116.42,107.06,0.4,,,,,,,600,0,0
26-Jul-24 17:36:25:707,DRUPLUS999,,,0,0,1,0,116.42,107.24,0.5,,,,,,,600,0,0
26-Jul-24 17:36:27:708,DRUPLUS999,,,0,0,1,0,116.42,107.06,0.5,,,,,,,600,0,0
26-Jul-24 17:36:29:708,DRUPLUS999,,,0,0,1,0,116.24,107.24,0.5,,,,,,,600,0,0
26-Jul-24 17:36:31:703,DRUPLUS999,,,0,0,1,0,116.24,107.06,0.5,,,,,,,600,0,0
26-Jul-24 17:36:33:704,DRUPLUS999,,,0,0,1,0,116.24,107.24,0.5,,,,,,,600,0,0
26-Jul-24 17:36:35:711,DRUPLUS999,,,0,0,1,0,116.24,107.06,0.5,,,,,,,600,0,0
26-Jul-24 17:36:37:707,DRUPLUS999,,,0,0,1,0,116.24,107.24,0.5,,,,,,,600,0,0
26-Jul-24 17:36:39:705,DRUPLUS999,,,0,0,1,0,116.06,107.06,0.5,,,,,,,600,0,0
26-Jul-24 17:36:41:703,DRUPLUS999,,,0,0,1,0,116.06,107.06,0.5,,,,,,,600,0,0
26-Jul-24 17:36:43:702,DRUPLUS999,,,0,0,1,0,116.06,107.06,0.5,,,,,,,600,0,0
26-Jul-24 17:36:45:707,DRUPLUS999,,,0,0,1,0,116.06,107.24,0.5,,,,,,,600,0,0
26-Jul-24 17:36:47:711,DRUPLUS999,,,0,0,1,0,116.06,107.24,0.5,,,,,,,600,0,0
26-Jul-24 17:36:49:700,DRUPLUS999,,,0,0,1,0,115.88,107.24,0.5,,,,,,,600,0,0
26-Jul-24 17:36:51:698,DRUPLUS999,,,0,0,1,0,115.88,107.24,0.5,,,,,,,600,0,0
26-Jul-24 17:36:53:705,DRUPLUS999,,,0,0,1,0,115.88,107.24,0.5,,,,,,,600,0,0
26-Jul-24 17:36:55:704,DRUPLUS999,,,0,0,1,0,115.88,107.24,0.5,,,,,,,600,0,0
26-Jul-24 17:36:57:702,DRUPLUS999,,,0,0,1,0,115.88,107.24,0.4,,,,,,,600,0,0
26-Jul-24 17:36:59:702,DRUPLUS999,,,0,0,1,0,115.88,107.24,0.5,,,,,,,600,0,0
26-Jul-24 17:37:01:700,DRUPLUS999,,,0,0,1,0,115.7,107.24,0.5,,,,,,,600,0,0
26-Jul-24 17:37:03:701,DRUPLUS999,,,0,0,1,0,115.7,107.24,0.5,,,,,,,600,0,0
26-Jul-24 17:37:05:706,DRUPLUS999,,,0,0,1,0,115.7,107.24,0.4,,,,,,,600,0,0
26-Jul-24 17:37:07:700,DRUPLUS999,,,0,0,1,0,115.7,107.24,0.5,,,,,,,600,0,0
26-Jul-24 17:37:09:705,DRUPLUS999,,,0,0,1,0,115.7,107.24,0.5,,,,,,,600,0,0
26-Jul-24 17:37:11:705,DRUPLUS999,,,0,0,1,0,115.7,107.24,0.5,,,,,,,600,0,0
26-Jul-24 17:37:13:711,DRUPLUS999,,,0,0,1,0,115.52,107.24,0.5,,,,,,,600,0,0
26-Jul-24 17:37:15:702,DRUPLUS999,,,0,0,1,0,115.52,107.42,0.5,,,,,,,600,0,0
26-Jul-24 17:37:17:700,DRUPLUS999,,,0,0,1,0,115.52,107.42,0.5,,,,,,,600,0,0
26-Jul-24 17:37:19:706,DRUPLUS999,,,0,0,1,0,115.52,107.42,0.5,,,,,,,600,0,0
26-Jul-24 17:37:21:701,DRUPLUS999,,,0,0,1,0,115.52,107.42,0.5,,,,,,,600,0,0
26-Jul-24 17:37:23:702,DRUPLUS999,,,0,0,1,0,115.52,107.42,0.5,,,,,,,600,0,0
26-Jul-24 17:37:25:701,DRUPLUS999,,,0,0,1,0,115.34,107.24,0.5,,,,,,,600,0,0
26-Jul-24 17:37:27:707,DRUPLUS999,,,0,0,1,0,115.34,107.24,0.4,,,,,,,600,0,0
26-Jul-24 17:37:29:703,DRUPLUS999,,,0,0,1,0,115.34,107.24,0.5,,,,,,,600,0,0
26-Jul-24 17:37:31:704,DRUPLUS999,,,0,0,1,0,115.34,107.24,0.5,,,,,,,600,0,0
26-Jul-24 17:37:33:702,DRUPLUS999,,,0,0,1,0,115.34,107.24,0.4,,,,,,,600,0,0
26-Jul-24 17:37:35:706,DRUPLUS999,,,0,0,1,0,115.34,107.24,0.5,,,,,,,600,0,0
26-Jul-24 17:37:37:703,DRUPLUS999,,,0,0,1,0,115.16,107.42,0.5,,,,,,,600,0,0
26-Jul-24 17:37:39:705,DRUPLUS999,,,0,0,1,0,115.16,107.42,0.5,,,,,,,600,0,0
26-Jul-24 17:37:41:703,DRUPLUS999,,,0,0,1,0,115.16,107.42,0.5,,,,,,,600,0,0
26-Jul-24 17:37:43:704,DRUPLUS999,,,0,0,1,0,115.16,107.42,0.5,,,,,,,600,0,0
26-Jul-24 17:37:45:704,DRUPLUS999,,,0,0,1,0,115.16,107.24,0.5,,,,,,,600,0,0
26-Jul-24 17:37:47:704,DRUPLUS999,,,0,0,1,0,115.16,107.24,0.5,,,,,,,600,0,0
26-Jul-24 17:37:49:705,DRUPLUS999,,,0,0,1,0,114.98,107.24,0.5,,,,,,,600,0,0
26-Jul-24 17:37:51:714,DRUPLUS999,,,0,0,1,0,114.98,107.24,0.4,,,,,,,600,0,0
26-Jul-24 17:37:53:707,DRUPLUS999,,,0,0,1,0,114.98,107.24,0.5,,,,,,,600,0,0
26-Jul-24 17:37:55:708,DRUPLUS999,,,0,0,1,0,114.98,107.24,0.5,,,,,,,600,0,0
26-Jul-24 17:37:57:710,DRUPLUS999,,,0,0,1,0,114.98,107.24,0.5,,,,,,,600,0,0
26-Jul-24 17:37:59:706,DRUPLUS999,,,0,0,1,0,114.98,107.42,0.5,,,,,,,600,0,0
26-Jul-24 17:38:01:707,DRUPLUS999,,,0,0,1,0,114.98,107.42,0.4,,,,,,,600,0,0
26-Jul-24 17:38:03:710,DRUPLUS999,,,0,0,1,0,114.8,107.42,0.5,,,,,,,600,0,0
26-Jul-24 17:38:05:707,DRUPLUS999,,,0,0,1,0,114.8,107.42,0.5,,,,,,,600,0,0
26-Jul-24 17:38:07:707,DRUPLUS999,,,0,0,1,0,114.8,107.42,0.5,,,,,,,600,0,0
26-Jul-24 17:38:09:715,DRUPLUS999,,,0,0,1,0,114.8,107.42,0.5,,,,,,,600,0,0
26-Jul-24 17:38:11:707,DRUPLUS999,,,0,0,1,0,114.8,107.42,0.5,,,,,,,600,0,0
26-Jul-24 17:38:13:708,DRUPLUS999,,,0,0,1,0,114.8,107.42,0.5,,,,,,,600,0,0
26-Jul-24 17:38:15:707,DRUPLUS999,,,0,0,1,0,114.8,107.42,0.4,,,,,,,600,0,0
26-Jul-24 17:38:17:708,DRUPLUS999,,,0,0,1,0,114.8,107.42,0.4,,,,,,,600,0,0
26-Jul-24 17:38:19:715,DRUPLUS999,,,0,0,1,0,114.62,107.42,0.5,,,,,,,600,0,0
26-Jul-24 17:38:21:710,DRUPLUS999,,,0,0,1,0,114.62,107.24,0.5,,,,,,,600,0,0
26-Jul-24 17:38:23:718,DRUPLUS999,,,0,0,1,0,114.62,107.24,0.5,,,,,,,600,0,0
26-Jul-24 17:38:25:720,DRUPLUS999,,,0,0,1,0,114.62,107.24,0.5,,,,,,,600,0,0
26-Jul-24 17:38:27:710,DRUPLUS999,,,0,0,1,0,114.62,107.24,0.5,,,,,,,600,0,0
26-Jul-24 17:38:29:710,DRUPLUS999,,,0,0,1,0,114.62,107.24,0.4,,,,,,,600,0,0
26-Jul-24 17:38:31:709,DRUPLUS999,,,0,0,1,0,114.62,107.42,0.5,,,,,,,600,0,0
26-Jul-24 17:38:33:709,DRUPLUS999,,,0,0,1,0,114.44,107.42,0.5,,,,,,,600,0,0
26-Jul-24 17:38:35:710,DRUPLUS999,,,0,0,1,0,114.44,107.24,0.4,,,,,,,600,0,0
26-Jul-24 17:38:37:711,DRUPLUS999,,,0,0,1,0,114.44,107.42,0.5,,,,,,,600,0,0
26-Jul-24 17:38:39:709,DRUPLUS999,,,0,0,1,0,114.44,107.42,0.5,,,,,,,600,0,0
26-Jul-24 17:38:41:711,DRUPLUS999,,,0,0,1,0,114.44,107.24,0.5,,,,,,,600,0,0
26-Jul-24 17:38:43:720,DRUPLUS999,,,0,0,1,0,114.44,107.24,0.5,,,,,,,600,0,0
26-Jul-24 17:38:45:713,DRUPLUS999,,,0,0,1,0,114.44,107.42,0.5,,,,,,,600,0,0
26-Jul-24 17:38:47:711,DRUPLUS999,,,0,0,1,0,114.26,107.42,0.5,,,,,,,600,0,0
26-Jul-24 17:38:49:711,DRUPLUS999,,,0,0,1,0,114.26,107.42,0.5,,,,,,,600,0,0
26-Jul-24 17:38:51:711,DRUPLUS999,,,0,0,1,0,114.26,107.42,0.5,,,,,,,600,0,0
26-Jul-24 17:38:53:721,DRUPLUS999,,,0,0,1,0,114.26,107.42,0.5,,,,,,,600,0,0
26-Jul-24 17:38:55:714,DRUPLUS999,,,0,0,1,0,114.26,107.42,0.5,,,,,,,600,0,0
26-Jul-24 17:38:57:711,DRUPLUS999,,,0,0,1,0,114.26,107.42,0.5,,,,,,,600,0,0
26-Jul-24 17:38:59:720,DRUPLUS999,,,0,0,1,0,114.26,107.24,0.5,,,,,,,600,0,0
26-Jul-24 17:39:01:711,DRUPLUS999,,,0,0,1,0,114.26,107.42,0.5,,,,,,,600,0,0
26-Jul-24 17:39:03:714,DRUPLUS999,,,0,0,1,0,114.08,107.24,0.5,,,,,,,600,0,0
26-Jul-24 17:39:05:721,DRUPLUS999,,,0,0,1,0,114.08,107.24,0.5,,,,,,,600,0,0
26-Jul-24 17:39:07:711,DRUPLUS999,,,0,0,1,0,114.08,107.24,0.5,,,,,,,600,0,0
26-Jul-24 17:39:09:713,DRUPLUS999,,,0,0,1,0,114.08,107.24,0.5,,,,,,,600,0,0
26-Jul-24 17:39:11:715,DRUPLUS999,,,0,0,1,0,114.08,107.24,0.5,,,,,,,600,0,0
26-Jul-24 17:39:13:713,DRUPLUS999,,,0,0,1,0,114.08,107.24,0.5,,,,,,,600,0,0
26-Jul-24 17:39:15:715,DRUPLUS999,,,0,0,1,0,114.08,107.24,0.5,,,,,,,600,0,0
26-Jul-24 17:39:17:713,DRUPLUS999,,,0,0,1,0,114.08,107.24,0.5,,,,,,,600,0,0
26-Jul-24 17:39:19:714,DRUPLUS999,,,0,0,1,0,113.9,107.24,0.5,,,,,,,600,0,0
26-Jul-24 17:39:21:713,DRUPLUS999,,,0,0,1,0,113.9,107.24,0.5,,,,,,,600,0,0
26-Jul-24 17:39:23:714,DRUPLUS999,,,0,0,1,0,113.9,107.24,0.4,,,,,,,600,0,0
26-Jul-24 17:39:25:721,DRUPLUS999,,,0,0,1,0,113.9,107.24,0.5,,,,,,,600,0,0
26-Jul-24 17:39:27:714,DRUPLUS999,,,0,0,1,0,113.9,107.24,0.4,,,,,,,600,0,0
26-Jul-24 17:39:29:721,DRUPLUS999,,,0,0,1,0,113.9,107.24,0.5,,,,,,,600,0,0
26-Jul-24 17:39:31:720,DRUPLUS999,,,0,0,1,0,113.9,107.24,0.5,,,,,,,600,0,0
26-Jul-24 17:39:33:721,DRUPLUS999,,,0,0,1,0,113.9,107.24,0.5,,,,,,,600,0,0
26-Jul-24 17:39:35:720,DRUPLUS999,,,0,0,1,0,113.72,107.24,0.5,,,,,,,600,0,0
26-Jul-24 17:39:37:719,DRUPLUS999,,,0,0,1,0,113.72,107.24,0.5,,,,,,,600,0,0
26-Jul-24 17:39:39:716,DRUPLUS999,,,0,0,1,0,113.72,107.24,0.5,,,,,,,600,0,0
26-Jul-24 17:39:41:716,DRUPLUS999,,,0,0,1,0,113.72,107.24,0.5,,,,,,,600,0,0
26-Jul-24 17:39:43:721,DRUPLUS999,,,0,0,1,0,113.72,107.24,0.5,,,,,,,600,0,0
26-Jul-24 17:39:45:716,DRUPLUS999,,,0,0,1,0,113.72,107.24,0.5,,,,,,,600,0,0
26-Jul-24 17:39:47:716,DRUPLUS999,,,0,0,1,0,113.72,107.42,0.5,,,,,,,600,0,0
26-Jul-24 17:39:49:721,DRUPLUS999,,,0,0,1,0,113.72,107.42,0.5,,,,,,,600,0,0
26-Jul-24 17:39:51:716,DRUPLUS999,,,0,0,1,0,113.72,107.42,0.5,,,,,,,600,0,0
26-Jul-24 17:39:53:716,DRUPLUS999,,,0,0,1,0,113.54,107.42,0.5,,,,,,,600,0,0
26-Jul-24 17:39:55:719,DRUPLUS999,,,0,0,1,0,113.54,107.42,0.5,,,,,,,600,0,0
26-Jul-24 17:39:57:719,DRUPLUS999,,,0,0,1,0,113.54,107.24,0.5,,,,,,,600,0,0
26-Jul-24 17:39:59:718,DRUPLUS999,,,0,0,1,0,113.54,107.24,0.5,,,,,,,600,0,0
26-Jul-24 17:40:01:716,DRUPLUS999,,,0,0,1,0,113.54,107.24,0.5,,,,,,,600,0,0
26-Jul-24 17:40:03:716,DRUPLUS999,,,0,0,1,0,113.54,107.24,0.5,,,,,,,600,0,0
26-Jul-24 17:40:05:715,DRUPLUS999,,,0,0,1,0,113.54,107.24,0.5,,,,,,,600,0,0
26-Jul-24 17:40:07:717,DRUPLUS999,,,0,0,1,0,113.54,107.24,0.5,,,,,,,600,0,0
26-Jul-24 17:40:09:716,DRUPLUS999,,,0,0,1,0,113.54,107.24,0.5,,,,,,,600,0,0
26-Jul-24 17:40:11:721,DRUPLUS999,,,0,0,1,0,113.36,107.24,0.5,,,,,,,600,0,0
26-Jul-24 17:40:13:721,DRUPLUS999,,,0,0,1,0,113.36,107.24,0.5,,,,,,,600,0,0
26-Jul-24 17:40:15:716,DRUPLUS999,,,0,0,1,0,113.36,107.24,0.5,,,,,,,600,0,0
26-Jul-24 17:40:17:718,DRUPLUS999,,,0,0,1,0,113.36,107.24,0.5,,,,,,,600,0,0
26-Jul-24 17:40:19:717,DRUPLUS999,,,0,0,1,0,113.36,107.24,0.5,,,,,,,600,0,0
26-Jul-24 17:40:21:719,DRUPLUS999,,,0,0,1,0,113.36,107.24,0.5,,,,,,,600,0,0
26-Jul-24 17:40:23:717,DRUPLUS999,,,0,0,1,0,113.36,107.06,0.5,,,,,,,600,0,0
26-Jul-24 17:40:25:718,DRUPLUS999,,,0,0,1,0,113.36,107.24,0.5,,,,,,,600,0,0
26-Jul-24 17:40:27:721,DRUPLUS999,,,0,0,1,0,113.36,107.24,0.5,,,,,,,600,0,0
26-Jul-24 17:40:29:720,DRUPLUS999,,,0,0,1,0,113.36,107.24,0.5,,,,,,,600,0,0
26-Jul-24 17:40:31:718,DRUPLUS999,,,0,0,1,0,113.18,107.24,0.5,,,,,,,600,0,0
26-Jul-24 17:40:33:717,DRUPLUS999,,,0,0,1,0,113.18,107.24,0.5,,,,,,,600,0,0
26-Jul-24 17:40:35:716,DRUPLUS999,,,0,0,1,0,113.18,107.24,0.5,,,,,,,600,0,0
26-Jul-24 17:40:37:717,DRUPLUS999,,,0,0,1,0,113.18,107.24,0.5,,,,,,,600,0,0
26-Jul-24 17:40:39:719,DRUPLUS999,,,0,0,1,0,113.18,107.24,0.5,,,,,,,600,0,0
26-Jul-24 17:40:41:720,DRUPLUS999,,,0,0,1,0,113.18,107.24,0.5,,,,,,,600,0,0
26-Jul-24 17:40:43:720,DRUPLUS999,,,0,0,1,0,113.18,107.24,0.5,,,,,,,600,0,0
26-Jul-24 17:40:45:721,DRUPLUS999,,,0,0,1,0,113.18,107.24,0.5,,,,,,,600,0,0
26-Jul-24 17:40:47:721,DRUPLUS999,,,0,0,1,0,113.18,107.24,0.5,,,,,,,600,0,0
26-Jul-24 17:40:49:718,DRUPLUS999,,,0,0,1,0,113,107.06,0.5,,,,,,,600,0,0
26-Jul-24 17:40:51:721,DRUPLUS999,,,0,0,1,0,113,107.06,0.5,,,,,,,600,0,0
26-Jul-24 17:40:53:717,DRUPLUS999,,,0,0,1,0,113,107.06,0.5,,,,,,,600,0,0
26-Jul-24 17:40:55:718,DRUPLUS999,,,0,0,1,0,113,107.06,0.5,,,,,,,600,0,0
26-Jul-24 17:40:57:717,DRUPLUS999,,,0,0,1,0,113,107.06,0.5,,,,,,,600,0,0
26-Jul-24 17:40:59:721,DRUPLUS999,,,0,0,1,0,113,107.06,0.5,,,,,,,600,0,0
26-Jul-24 17:41:01:719,DRUPLUS999,,,0,0,1,0,113,107.06,0.5,,,,,,,600,0,0
26-Jul-24 17:41:03:725,DRUPLUS999,,,0,0,1,0,113,107.06,0.5,,,,,,,600,0,0
26-Jul-24 17:41:05:721,DRUPLUS999,,,0,0,1,0,113,107.06,0.5,,,,,,,600,0,0
26-Jul-24 17:41:07:724,DRUPLUS999,,,0,0,1,0,113,107.06,0.5,,,,,,,600,0,0
26-Jul-24 17:41:09:728,DRUPLUS999,,,0,0,1,0,112.82,107.24,0.5,,,,,,,600,0,0
26-Jul-24 17:41:11:729,DRUPLUS999,,,0,0,1,0,112.82,107.06,0.5,,,,,,,600,0,0
26-Jul-24 17:41:13:721,DRUPLUS999,,,0,0,1,0,112.82,107.06,0.5,,,,,,,600,0,0
26-Jul-24 17:41:15:720,DRUPLUS999,,,0,0,1,0,112.82,107.06,0.5,,,,,,,600,0,0
26-Jul-24 17:41:17:721,DRUPLUS999,,,0,0,1,0,112.82,107.06,0.5,,,,,,,600,0,0
26-Jul-24 17:41:19:728,DRUPLUS999,,,0,0,1,0,112.82,107.24,0.4,,,,,,,600,0,0
26-Jul-24 17:41:21:721,DRUPLUS999,,,0,0,1,0,112.82,107.24,0.4,,,,,,,600,0,0
26-Jul-24 17:41:23:721,DRUPLUS999,,,0,0,1,0,112.82,107.24,0.4,,,,,,,600,0,0
26-Jul-24 17:41:25:721,DRUPLUS999,,,0,0,1,0,112.82,107.24,0.5,,,,,,,600,0,0
26-Jul-24 17:41:27:723,DRUPLUS999,,,0,0,1,0,112.82,107.24,0.5,,,,,,,600,0,0
26-Jul-24 17:41:29:730,DRUPLUS999,,,0,0,1,0,112.82,107.24,0.5,,,,,,,600,0,0
26-Jul-24 17:41:31:725,DRUPLUS999,,,0,0,1,0,112.64,107.24,0.5,,,,,,,600,0,0
26-Jul-24 17:41:33:728,DRUPLUS999,,,0,0,1,0,112.64,107.24,0.5,,,,,,,600,0,0
26-Jul-24 17:41:35:732,DRUPLUS999,,,0,0,1,0,112.64,107.24,0.5,,,,,,,600,0,0
26-Jul-24 17:41:37:740,DRUPLUS999,,,0,0,1,0,112.64,107.06,0.5,,,,,,,600,0,0
26-Jul-24 17:41:39:724,DRUPLUS999,,,0,0,1,0,112.64,107.06,0.5,,,,,,,600,0,0
26-Jul-24 17:41:41:724,DRUPLUS999,,,0,0,1,0,112.64,107.06,0.5,,,,,,,600,0,0
26-Jul-24 17:41:43:734,DRUPLUS999,,,0,0,1,0,112.64,107.06,0.5,,,,,,,600,0,0
26-Jul-24 17:41:45:725,DRUPLUS999,,,0,0,1,0,112.64,107.06,0.5,,,,,,,600,0,0
26-Jul-24 17:41:47:727,DRUPLUS999,,,0,0,1,0,112.64,107.06,0.5,,,,,,,600,0,0
26-Jul-24 17:41:49:726,DRUPLUS999,,,0,0,1,0,112.64,107.06,0.5,,,,,,,600,0,0
26-Jul-24 17:41:51:724,DRUPLUS999,,,0,0,1,0,112.46,107.06,0.5,,,,,,,600,0,0
26-Jul-24 17:41:53:725,DRUPLUS999,,,0,0,1,0,112.46,107.24,0.5,,,,,,,600,0,0
26-Jul-24 17:41:55:730,DRUPLUS999,,,0,0,1,0,112.46,107.24,0.5,,,,,,,600,0,0
26-Jul-24 17:41:57:725,DRUPLUS999,,,0,0,1,0,112.46,107.24,0.5,,,,,,,600,0,0
26-Jul-24 17:41:59:731,DRUPLUS999,,,0,0,1,0,112.46,107.24,0.5,,,,,,,600,0,0
26-Jul-24 17:42:01:734,DRUPLUS999,,,0,0,1,0,112.46,107.24,0.5,,,,,,,600,0,0
26-Jul-24 17:42:03:732,DRUPLUS999,,,0,0,1,0,112.46,107.06,0.5,,,,,,,600,0,0
26-Jul-24 17:42:05:725,DRUPLUS999,,,0,0,1,0,112.46,107.06,0.5,,,,,,,600,0,0
26-Jul-24 17:42:07:726,DRUPLUS999,,,0,0,1,0,112.46,107.06,0.5,,,,,,,600,0,0
26-Jul-24 17:42:09:729,DRUPLUS999,,,0,0,1,0,112.46,107.06,0.5,,,,,,,600,0,0
26-Jul-24 17:42:11:725,DRUPLUS999,,,0,0,1,0,112.46,107.06,0.5,,,,,,,600,0,0
26-Jul-24 17:42:13:726,DRUPLUS999,,,0,0,1,0,112.28,107.06,0.5,,,,,,,600,0,0
26-Jul-24 17:42:15:726,DRUPLUS999,,,0,0,1,0,112.28,107.06,0.5,,,,,,,600,0,0
26-Jul-24 17:42:17:728,DRUPLUS999,,,0,0,1,0,112.28,107.06,0.5,,,,,,,600,0,0
26-Jul-24 17:42:19:728,DRUPLUS999,,,0,0,1,0,112.28,106.88,0.5,,,,,,,600,0,0
26-Jul-24 17:42:21:728,DRUPLUS999,,,0,0,1,0,112.28,107.06,0.5,,,,,,,600,0,0
26-Jul-24 17:42:23:738,DRUPLUS999,,,0,0,1,0,112.28,106.88,0.5,,,,,,,600,0,0
26-Jul-24 17:42:25:732,DRUPLUS999,,,0,0,1,0,112.28,106.88,0.5,,,,,,,600,0,0
26-Jul-24 17:42:27:732,DRUPLUS999,,,0,0,1,0,112.28,106.88,0.5,,,,,,,600,0,0
26-Jul-24 17:42:29:729,DRUPLUS999,,,0,0,1,0,112.28,106.88,0.5,,,,,,,600,0,0
26-Jul-24 17:42:31:730,DRUPLUS999,,,0,0,1,0,112.28,106.88,0.5,,,,,,,600,0,0
26-Jul-24 17:42:33:729,DRUPLUS999,,,0,0,1,0,112.28,106.88,0.5,,,,,,,600,0,0
26-Jul-24 17:42:35:729,DRUPLUS999,,,0,0,1,0,112.1,106.88,0.5,,,,,,,600,0,0
26-Jul-24 17:42:37:729,DRUPLUS999,,,0,0,1,0,112.1,106.88,0.5,,,,,,,600,0,0
26-Jul-24 17:42:39:729,DRUPLUS999,,,0,0,1,0,112.1,106.88,0.5,,,,,,,600,0,0
26-Jul-24 17:42:41:731,DRUPLUS999,,,0,0,1,0,112.1,106.88,0.4,,,,,,,600,0,0
26-Jul-24 17:42:43:730,DRUPLUS999,,,0,0,1,0,112.1,106.88,0.5,,,,,,,600,0,0
26-Jul-24 17:42:45:733,DRUPLUS999,,,0,0,1,0,112.1,106.88,0.5,,,,,,,600,0,0
26-Jul-24 17:42:47:736,DRUPLUS999,,,0,0,1,0,112.1,106.88,0.5,,,,,,,600,0,0
26-Jul-24 17:42:49:730,DRUPLUS999,,,0,0,1,0,112.1,106.88,0.5,,,,,,,600,0,0
26-Jul-24 17:42:51:732,DRUPLUS999,,,0,0,1,0,112.1,106.88,0.5,,,,,,,600,0,0
26-Jul-24 17:42:53:734,DRUPLUS999,,,0,0,1,0,112.1,106.88,0.5,,,,,,,600,0,0
26-Jul-24 17:42:55:736,DRUPLUS999,,,0,0,1,0,112.1,106.88,0.5,,,,,,,600,0,0
26-Jul-24 17:42:57:740,DRUPLUS999,,,0,0,1,0,112.1,106.88,0.5,,,,,,,600,0,0
26-Jul-24 17:42:59:730,DRUPLUS999,,,0,0,1,0,111.92,106.88,0.5,,,,,,,600,0,0
26-Jul-24 17:43:01:731,DRUPLUS999,,,0,0,1,0,111.92,106.88,0.5,,,,,,,600,0,0
26-Jul-24 17:43:03:741,DRUPLUS999,,,0,0,1,0,111.92,106.88,0.5,,,,,,,600,0,0
26-Jul-24 17:43:05:731,DRUPLUS999,,,0,0,1,0,111.92,106.88,0.5,,,,,,,600,0,0
26-Jul-24 17:43:07:733,DRUPLUS999,,,0,0,1,0,111.92,106.88,0.5,,,,,,,600,0,0
26-Jul-24 17:43:09:732,DRUPLUS999,,,0,0,1,0,111.92,106.88,0.5,,,,,,,600,0,0
26-Jul-24 17:43:11:734,DRUPLUS999,,,0,0,1,0,111.92,106.88,0.5,,,,,,,600,0,0
26-Jul-24 17:43:13:736,DRUPLUS999,,,0,0,1,0,111.92,106.88,0.5,,,,,,,600,0,0
26-Jul-24 17:43:15:732,DRUPLUS999,,,0,0,1,0,111.92,106.88,0.4,,,,,,,600,0,0
26-Jul-24 17:43:17:732,DRUPLUS999,,,0,0,1,0,111.92,106.88,0.4,,,,,,,600,0,0
26-Jul-24 17:43:19:738,DRUPLUS999,,,0,0,1,0,111.92,106.88,0.4,,,,,,,600,0,0
26-Jul-24 17:43:21:738,DRUPLUS999,,,0,0,1,0,111.92,106.88,0.5,,,,,,,600,0,0
26-Jul-24 17:43:23:732,DRUPLUS999,,,0,0,1,0,111.74,106.88,0.5,,,,,,,600,0,0
26-Jul-24 17:43:25:734,DRUPLUS999,,,0,0,1,0,111.74,106.88,0.5,,,,,,,600,0,0
26-Jul-24 17:43:27:742,DRUPLUS999,,,0,0,1,0,111.74,106.88,0.5,,,,,,,600,0,0
26-Jul-24 17:43:29:740,DRUPLUS999,,,0,0,1,0,111.74,106.88,0.5,,,,,,,600,0,0
26-Jul-24 17:43:31:733,DRUPLUS999,,,0,0,1,0,111.74,106.88,0.5,,,,,,,600,0,0
26-Jul-24 17:43:33:737,DRUPLUS999,,,0,0,1,0,111.74,106.88,0.5,,,,,,,600,0,0
26-Jul-24 17:43:35:734,DRUPLUS999,,,0,0,1,0,111.74,106.88,0.4,,,,,,,600,0,0
26-Jul-24 17:43:37:737,DRUPLUS999,,,0,0,1,0,111.74,106.88,0.5,,,,,,,600,0,0
26-Jul-24 17:43:39:739,DRUPLUS999,,,0,0,1,0,111.74,106.88,0.5,,,,,,,600,0,0
26-Jul-24 17:43:41:734,DRUPLUS999,,,0,0,1,0,111.74,106.88,0.5,,,,,,,600,0,0
26-Jul-24 17:43:43:736,DRUPLUS999,,,0,0,1,0,111.74,106.88,0.5,,,,,,,600,0,0
26-Jul-24 17:43:45:739,DRUPLUS999,,,0,0,1,0,111.74,106.88,0.5,,,,,,,600,0,0
26-Jul-24 17:43:47:734,DRUPLUS999,,,0,0,1,0,111.56,106.88,0.5,,,,,,,600,0,0
26-Jul-24 17:43:49:734,DRUPLUS999,,,0,0,1,0,111.56,106.88,0.5,,,,,,,600,0,0
26-Jul-24 17:43:51:743,DRUPLUS999,,,0,0,1,0,111.56,106.88,0.5,,,,,,,600,0,0
26-Jul-24 17:43:53:734,DRUPLUS999,,,0,0,1,0,111.56,106.7,0.5,,,,,,,600,0,0
26-Jul-24 17:43:55:734,DRUPLUS999,,,0,0,1,0,111.56,106.88,0.5,,,,,,,600,0,0
26-Jul-24 17:43:57:737,DRUPLUS999,,,0,0,1,0,111.56,106.88,0.5,,,,,,,600,0,0
26-Jul-24 17:43:59:740,DRUPLUS999,,,0,0,1,0,111.56,106.88,0.4,,,,,,,600,0,0
26-Jul-24 17:44:01:737,DRUPLUS999,,,0,0,1,0,111.56,106.88,0.5,,,,,,,600,0,0
26-Jul-24 17:44:03:736,DRUPLUS999,,,0,0,1,0,111.56,106.7,0.5,,,,,,,600,0,0
26-Jul-24 17:44:05:737,DRUPLUS999,,,0,0,1,0,111.56,106.7,0.5,,,,,,,600,0,0
26-Jul-24 17:44:07:739,DRUPLUS999,,,0,0,1,0,111.56,106.7,0.5,,,,,,,600,0,0
26-Jul-24 17:44:09:740,DRUPLUS999,,,0,0,1,0,111.56,106.7,0.5,,,,,,,600,0,0
26-Jul-24 17:44:11:742,DRUPLUS999,,,0,0,1,0,111.56,106.7,0.4,,,,,,,600,0,0
26-Jul-24 17:44:13:739,DRUPLUS999,,,0,0,1,0,111.38,106.7,0.5,,,,,,,600,0,0
26-Jul-24 17:44:15:744,DRUPLUS999,,,0,0,1,0,111.38,106.7,0.5,,,,,,,600,0,0
26-Jul-24 17:44:17:746,DRUPLUS999,,,0,0,1,0,111.38,106.7,0.5,,,,,,,600,0,0
26-Jul-24 17:44:19:740,DRUPLUS999,,,0,0,1,0,111.38,106.7,0.5,,,,,,,600,0,0
26-Jul-24 17:44:21:760,DRUPLUS999,,,0,0,1,0,111.38,106.7,0.5,,,,,,,600,0,0
26-Jul-24 17:44:23:741,DRUPLUS999,,,0,0,1,0,111.38,106.7,0.5,,,,,,,600,0,0
26-Jul-24 17:44:25:740,DRUPLUS999,,,0,0,1,0,111.38,106.7,0.5,,,,,,,600,0,0
26-Jul-24 17:44:27:741,DRUPLUS999,,,0,0,1,0,111.38,106.52,0.5,,,,,,,600,0,0
26-Jul-24 17:44:29:741,DRUPLUS999,,,0,0,1,0,111.38,106.52,0.5,,,,,,,600,0,0
26-Jul-24 17:44:31:749,DRUPLUS999,,,0,0,1,0,111.38,106.7,0.5,,,,,,,600,0,0
26-Jul-24 17:44:33:741,DRUPLUS999,,,0,0,1,0,111.38,106.7,0.5,,,,,,,600,0,0
26-Jul-24 17:44:35:741,DRUPLUS999,,,0,0,1,0,111.38,106.7,0.5,,,,,,,600,0,0
26-Jul-24 17:44:37:748,DRUPLUS999,,,0,0,1,0,111.2,106.7,0.5,,,,,,,600,0,0
26-Jul-24 17:44:39:742,DRUPLUS999,,,0,0,1,0,111.2,106.7,0.5,,,,,,,600,0,0
26-Jul-24 17:44:41:741,DRUPLUS999,,,0,0,1,0,111.2,106.7,0.5,,,,,,,600,0,0
26-Jul-24 17:44:43:746,DRUPLUS999,,,0,0,1,0,111.2,106.52,0.5,,,,,,,600,0,0
26-Jul-24 17:44:45:742,DRUPLUS999,,,0,0,1,0,111.2,106.52,0.5,,,,,,,600,0,0
26-Jul-24 17:44:47:741,DRUPLUS999,,,0,0,1,0,111.2,106.52,0.5,,,,,,,600,0,0
26-Jul-24 17:44:49:752,DRUPLUS999,,,0,0,1,0,111.2,106.52,0.5,,,,,,,600,0,0
26-Jul-24 17:44:51:743,DRUPLUS999,,,0,0,1,0,111.2,106.52,0.5,,,,,,,600,0,0
26-Jul-24 17:44:53:742,DRUPLUS999,,,0,0,1,0,111.2,106.52,0.5,,,,,,,600,0,0
26-Jul-24 17:44:55:742,DRUPLUS999,,,0,0,1,0,111.2,106.52,0.5,,,,,,,600,0,0
26-Jul-24 17:44:57:743,DRUPLUS999,,,0,0,1,0,111.2,106.52,0.4,,,,,,,600,0,0
26-Jul-24 17:44:59:756,DRUPLUS999,,,0,0,1,0,111.2,106.52,0.5,,,,,,,600,0,0
26-Jul-24 17:45:01:755,DRUPLUS999,,,0,0,1,0,111.2,106.52,0.5,,,,,,,600,0,0
26-Jul-24 17:45:03:744,DRUPLUS999,,,0,0,1,0,111.2,106.52,0.5,,,,,,,600,0,0
26-Jul-24 17:45:05:751,DRUPLUS999,,,0,0,1,0,111.02,106.52,0.5,,,,,,,600,0,0
26-Jul-24 17:45:07:743,DRUPLUS999,,,0,0,1,0,111.02,106.52,0.5,,,,,,,600,0,0
26-Jul-24 17:45:09:744,DRUPLUS999,,,0,0,1,0,111.02,106.52,0.5,,,,,,,600,0,0
26-Jul-24 17:45:11:752,DRUPLUS999,,,0,0,1,0,111.02,106.34,0.4,,,,,,,600,0,0
26-Jul-24 17:45:13:744,DRUPLUS999,,,0,0,1,0,111.02,106.34,0.5,,,,,,,600,0,0
26-Jul-24 17:45:15:750,DRUPLUS999,,,0,0,1,0,111.02,106.52,0.5,,,,,,,600,0,0
26-Jul-24 17:45:17:746,DRUPLUS999,,,0,0,1,0,111.02,106.52,0.5,,,,,,,600,0,0
26-Jul-24 17:45:19:746,DRUPLUS999,,,0,0,1,0,111.02,106.52,0.5,,,,,,,600,0,0
26-Jul-24 17:45:21:744,DRUPLUS999,,,0,0,1,0,111.02,106.52,0.5,,,,,,,600,0,0
26-Jul-24 17:45:23:747,DRUPLUS999,,,0,0,1,0,111.02,106.52,0.5,,,,,,,600,0,0
26-Jul-24 17:45:25:748,DRUPLUS999,,,0,0,1,0,111.02,106.52,0.5,,,,,,,600,0,0
26-Jul-24 17:45:27:753,DRUPLUS999,,,0,0,1,0,111.02,106.52,0.5,,,,,,,600,0,0
26-Jul-24 17:45:29:753,DRUPLUS999,,,0,0,1,0,111.02,106.52,0.5,,,,,,,600,0,0
26-Jul-24 17:45:31:756,DRUPLUS999,,,0,0,1,0,110.84,106.52,0.5,,,,,,,600,0,0
26-Jul-24 17:45:33:749,DRUPLUS999,,,0,0,1,0,110.84,106.34,0.5,,,,,,,600,0,0
26-Jul-24 17:45:35:755,DRUPLUS999,,,0,0,1,0,110.84,106.34,0.4,,,,,,,600,0,0
26-Jul-24 17:45:37:754,DRUPLUS999,,,0,0,1,0,110.84,106.52,0.5,,,,,,,600,0,0
26-Jul-24 17:45:39:754,DRUPLUS999,,,0,0,1,0,110.84,106.52,0.5,,,,,,,600,0,0
26-Jul-24 17:45:41:750,DRUPLUS999,,,0,0,1,0,110.84,106.52,0.5,,,,,,,600,0,0
26-Jul-24 17:45:43:750,DRUPLUS999,,,0,0,1,0,110.84,106.52,0.5,,,,,,,600,0,0
26-Jul-24 17:45:45:757,DRUPLUS999,,,0,0,1,0,110.84,106.52,0.5,,,,,,,600,0,0
26-Jul-24 17:45:47:747,DRUPLUS999,,,0,0,1,0,110.84,106.52,0.5,,,,,,,600,0,0
26-Jul-24 17:45:49:762,DRUPLUS999,,,0,0,1,0,110.84,106.52,0.5,,,,,,,600,0,0
26-Jul-24 17:45:51:754,DRUPLUS999,,,0,0,1,0,110.84,106.52,0.5,,,,,,,600,0,0
26-Jul-24 17:45:53:754,DRUPLUS999,,,0,0,1,0,110.84,106.52,0.5,,,,,,,600,0,0
26-Jul-24 17:45:55:757,DRUPLUS999,,,0,0,1,0,110.84,106.52,0.5,,,,,,,600,0,0
26-Jul-24 17:45:57:753,DRUPLUS999,,,0,0,1,0,110.84,106.34,0.5,,,,,,,600,0,0
26-Jul-24 17:45:59:754,DRUPLUS999,,,0,0,1,0,110.66,106.34,0.5,,,,,,,600,0,0
26-Jul-24 17:46:01:750,DRUPLUS999,,,0,0,1,0,110.66,106.34,0.5,,,,,,,600,0,0
26-Jul-24 17:46:03:751,DRUPLUS999,,,0,0,1,0,110.66,106.34,0.5,,,,,,,600,0,0
26-Jul-24 17:46:05:752,DRUPLUS999,,,0,0,1,0,110.66,106.34,0.5,,,,,,,600,0,0
26-Jul-24 17:46:07:752,DRUPLUS999,,,0,0,1,0,110.66,106.34,0.5,,,,,,,600,0,0
26-Jul-24 17:46:09:752,DRUPLUS999,,,0,0,1,0,110.66,106.34,0.5,,,,,,,600,0,0
26-Jul-24 17:46:11:756,DRUPLUS999,,,0,0,1,0,110.66,106.34,0.5,,,,,,,600,0,0
26-Jul-24 17:46:13:757,DRUPLUS999,,,0,0,1,0,110.66,106.34,0.5,,,,,,,600,0,0
26-Jul-24 17:46:15:761,DRUPLUS999,,,0,0,1,0,110.66,106.34,0.5,,,,,,,600,0,0
26-Jul-24 17:46:17:753,DRUPLUS999,,,0,0,1,0,110.66,106.34,0.5,,,,,,,600,0,0
26-Jul-24 17:46:19:754,DRUPLUS999,,,0,0,1,0,110.66,106.34,0.5,,,,,,,600,0,0
26-Jul-24 17:46:21:754,DRUPLUS999,,,0,0,1,0,110.66,106.34,0.5,,,,,,,600,0,0
26-Jul-24 17:46:23:755,DRUPLUS999,,,0,0,1,0,110.66,106.34,0.5,,,,,,,600,0,0
26-Jul-24 17:46:25:755,DRUPLUS999,,,0,0,1,0,110.66,106.34,0.5,,,,,,,600,0,0
26-Jul-24 17:46:27:755,DRUPLUS999,,,0,0,1,0,110.48,106.34,0.5,,,,,,,600,0,0
26-Jul-24 17:46:29:757,DRUPLUS999,,,0,0,1,0,110.48,106.52,0.4,,,,,,,600,0,0
26-Jul-24 17:46:31:755,DRUPLUS999,,,0,0,1,0,110.48,106.52,0.5,,,,,,,600,0,0
26-Jul-24 17:46:33:760,DRUPLUS999,,,0,0,1,0,110.48,106.34,0.5,,,,,,,600,0,0
26-Jul-24 17:46:35:766,DRUPLUS999,,,0,0,1,0,110.48,106.34,0.5,,,,,,,600,0,0
26-Jul-24 17:46:37:757,DRUPLUS999,,,0,0,1,0,110.48,106.34,0.5,,,,,,,600,0,0
26-Jul-24 17:46:39:757,DRUPLUS999,,,0,0,1,0,110.48,106.16,0.5,,,,,,,600,0,0
26-Jul-24 17:46:41:757,DRUPLUS999,,,0,0,1,0,110.48,106.16,0.5,,,,,,,600,0,0
26-Jul-24 17:46:43:761,DRUPLUS999,,,0,0,1,0,110.48,106.16,0.5,,,,,,,600,0,0
26-Jul-24 17:46:45:760,DRUPLUS999,,,0,0,1,0,110.48,106.34,0.5,,,,,,,600,0,0
26-Jul-24 17:46:47:757,DRUPLUS999,,,0,0,1,0,110.48,106.16,0.5,,,,,,,600,0,0
26-Jul-24 17:46:49:757,DRUPLUS999,,,0,0,1,0,110.48,106.16,0.5,,,,,,,600,0,0
26-Jul-24 17:46:51:757,DRUPLUS999,,,0,0,1,0,110.48,106.16,0.5,,,,,,,600,0,0
26-Jul-24 17:46:53:762,DRUPLUS999,,,0,0,1,0,110.48,106.34,0.5,,,,,,,600,0,0
26-Jul-24 17:46:55:762,DRUPLUS999,,,0,0,1,0,110.3,106.16,0.5,,,,,,,600,0,0
26-Jul-24 17:46:57:759,DRUPLUS999,,,0,0,1,0,110.3,106.16,0.4,,,,,,,600,0,0
26-Jul-24 17:46:59:761,DRUPLUS999,,,0,0,1,0,110.3,106.16,0.5,,,,,,,600,0,0
26-Jul-24 17:47:01:760,DRUPLUS999,,,0,0,1,0,110.3,106.16,0.4,,,,,,,600,0,0
26-Jul-24 17:47:03:766,DRUPLUS999,,,0,0,1,0,110.3,106.16,0.5,,,,,,,600,0,0
26-Jul-24 17:47:05:761,DRUPLUS999,,,0,0,1,0,110.3,106.16,0.5,,,,,,,600,0,0
26-Jul-24 17:47:07:761,DRUPLUS999,,,0,0,1,0,110.3,106.16,0.5,,,,,,,600,0,0
26-Jul-24 17:47:09:763,DRUPLUS999,,,0,0,1,0,110.3,106.16,0.5,,,,,,,600,0,0
26-Jul-24 17:47:11:760,DRUPLUS999,,,0,0,1,0,110.3,106.16,0.5,,,,,,,600,0,0
26-Jul-24 17:47:13:760,DRUPLUS999,,,0,0,1,0,110.3,106.34,0.5,,,,,,,600,0,0
26-Jul-24 17:47:15:761,DRUPLUS999,,,0,0,1,0,110.3,106.16,0.5,,,,,,,600,0,0
26-Jul-24 17:47:17:760,DRUPLUS999,,,0,0,1,0,110.3,106.16,0.5,,,,,,,600,0,0
26-Jul-24 17:47:19:760,DRUPLUS999,,,0,0,1,0,110.3,106.16,0.5,,,,,,,600,0,0
26-Jul-24 17:47:21:765,DRUPLUS999,,,0,0,1,0,110.3,106.16,0.5,,,,,,,600,0,0
26-Jul-24 17:47:23:760,DRUPLUS999,,,0,0,1,0,110.3,106.16,0.5,,,,,,,600,0,0
26-Jul-24 17:47:25:760,DRUPLUS999,,,0,0,1,0,110.12,106.16,0.5,,,,,,,600,0,0
26-Jul-24 17:47:27:762,DRUPLUS999,,,0,0,1,0,110.12,105.98,0.5,,,,,,,600,0,0
26-Jul-24 17:47:29:760,DRUPLUS999,,,0,0,1,0,110.12,105.98,0.5,,,,,,,600,0,0
26-Jul-24 17:47:31:759,DRUPLUS999,,,0,0,1,0,110.12,106.16,0.4,,,,,,,600,0,0
26-Jul-24 17:47:33:761,DRUPLUS999,,,0,0,1,0,110.12,105.98,0.5,,,,,,,600,0,0
26-Jul-24 17:47:35:760,DRUPLUS999,,,0,0,1,0,110.12,106.16,0.5,,,,,,,600,0,0
26-Jul-24 17:47:37:760,DRUPLUS999,,,0,0,1,0,110.12,106.16,0.5,,,,,,,600,0,0
26-Jul-24 17:47:39:760,DRUPLUS999,,,0,0,1,0,110.12,105.98,0.5,,,,,,,600,0,0
26-Jul-24 17:47:41:761,DRUPLUS999,,,0,0,1,0,110.12,105.98,0.5,,,,,,,600,0,0
26-Jul-24 17:47:43:765,DRUPLUS999,,,0,0,1,0,110.12,106.16,0.5,,,,,,,600,0,0
26-Jul-24 17:47:45:764,DRUPLUS999,,,0,0,1,0,110.12,106.16,0.4,,,,,,,600,0,0
26-Jul-24 17:47:47:769,DRUPLUS999,,,0,0,1,0,110.12,105.98,0.5,,,,,,,600,0,0
26-Jul-24 17:47:49:761,DRUPLUS999,,,0,0,1,0,110.12,105.98,0.5,,,,,,,600,0,0
26-Jul-24 17:47:51:766,DRUPLUS999,,,0,0,1,0,110.12,105.98,0.5,,,,,,,600,0,0
26-Jul-24 17:47:53:764,DRUPLUS999,,,0,0,1,0,110.12,105.98,0.5,,,,,,,600,0,0
26-Jul-24 17:47:55:766,DRUPLUS999,,,0,0,1,0,109.94,105.98,0.5,,,,,,,600,0,0
26-Jul-24 17:47:57:764,DRUPLUS999,,,0,0,1,0,109.94,105.98,0.5,,,,,,,600,0,0
26-Jul-24 17:47:59:766,DRUPLUS999,,,0,0,1,0,109.94,105.98,0.4,,,,,,,600,0,0
26-Jul-24 17:48:01:764,DRUPLUS999,,,0,0,1,0,109.94,105.98,0.4,,,,,,,600,0,0
26-Jul-24 17:48:03:765,DRUPLUS999,,,0,0,1,0,109.94,105.8,0.5,,,,,,,600,0,0
26-Jul-24 17:48:05:762,DRUPLUS999,,,0,0,1,0,109.94,105.98,0.5,,,,,,,600,0,0
26-Jul-24 17:48:07:762,DRUPLUS999,,,0,0,1,0,109.94,105.8,0.5,,,,,,,600,0,0
26-Jul-24 17:48:09:762,DRUPLUS999,,,0,0,1,0,109.94,105.8,0.5,,,,,,,600,0,0
26-Jul-24 17:48:11:765,DRUPLUS999,,,0,0,1,0,109.94,105.8,0.5,,,,,,,600,0,0
26-Jul-24 17:48:13:761,DRUPLUS999,,,0,0,1,0,109.94,105.8,0.5,,,,,,,600,0,0
26-Jul-24 17:48:15:766,DRUPLUS999,,,0,0,1,0,109.94,105.8,0.5,,,,,,,600,0,0
26-Jul-24 17:48:17:763,DRUPLUS999,,,0,0,1,0,109.94,105.98,0.5,,,,,,,600,0,0
26-Jul-24 17:48:19:764,DRUPLUS999,,,0,0,1,0,109.94,105.98,0.4,,,,,,,600,0,0
26-Jul-24 17:48:21:770,DRUPLUS999,,,0,0,1,0,109.94,105.98,0.5,,,,,,,600,0,0
26-Jul-24 17:48:23:763,DRUPLUS999,,,0,0,1,0,109.94,105.98,0.5,,,,,,,600,0,0
26-Jul-24 17:48:25:767,DRUPLUS999,,,0,0,1,0,109.76,105.8,0.4,,,,,,,600,0,0
26-Jul-24 17:48:27:766,DRUPLUS999,,,0,0,1,0,109.76,105.8,0.5,,,,,,,600,0,0
26-Jul-24 17:48:29:765,DRUPLUS999,,,0,0,1,0,109.76,105.8,0.5,,,,,,,600,0,0
26-Jul-24 17:48:31:765,DRUPLUS999,,,0,0,1,0,109.76,105.8,0.4,,,,,,,600,0,0
26-Jul-24 17:48:33:765,DRUPLUS999,,,0,0,1,0,109.76,105.8,0.5,,,,,,,600,0,0
26-Jul-24 17:48:35:764,DRUPLUS999,,,0,0,1,0,109.76,105.8,0.5,,,,,,,600,0,0
26-Jul-24 17:48:37:764,DRUPLUS999,,,0,0,1,0,109.76,105.8,0.5,,,,,,,600,0,0
26-Jul-24 17:48:39:764,DRUPLUS999,,,0,0,1,0,109.76,105.98,0.5,,,,,,,600,0,0
26-Jul-24 17:48:41:765,DRUPLUS999,,,0,0,1,0,109.76,105.8,0.5,,,,,,,600,0,0
26-Jul-24 17:48:43:765,DRUPLUS999,,,0,0,1,0,109.76,105.98,0.5,,,,,,,600,0,0
26-Jul-24 17:48:45:766,DRUPLUS999,,,0,0,1,0,109.76,105.98,0.5,,,,,,,600,0,0
26-Jul-24 17:48:47:767,DRUPLUS999,,,0,0,1,0,109.76,105.8,0.5,,,,,,,600,0,0
26-Jul-24 17:48:49:766,DRUPLUS999,,,0,0,1,0,109.76,105.8,0.5,,,,,,,600,0,0
26-Jul-24 17:48:51:767,DRUPLUS999,,,0,0,1,0,109.76,105.8,0.5,,,,,,,600,0,0
26-Jul-24 17:48:53:765,DRUPLUS999,,,0,0,1,0,109.76,105.8,0.5,,,,,,,600,0,0
26-Jul-24 17:48:55:776,DRUPLUS999,,,0,0,1,0,109.76,105.62,0.5,,,,,,,600,0,0
26-Jul-24 17:48:57:766,DRUPLUS999,,,0,0,1,0,109.58,105.8,0.5,,,,,,,600,0,0
26-Jul-24 17:48:59:767,DRUPLUS999,,,0,0,1,0,109.58,105.8,0.4,,,,,,,600,0,0
26-Jul-24 17:49:01:766,DRUPLUS999,,,0,0,1,0,109.58,105.8,0.5,,,,,,,600,0,0
26-Jul-24 17:49:03:767,DRUPLUS999,,,0,0,1,0,109.58,105.8,0.4,,,,,,,600,0,0
26-Jul-24 17:49:05:766,DRUPLUS999,,,0,0,1,0,109.58,105.8,0.5,,,,,,,600,0,0
26-Jul-24 17:49:07:766,DRUPLUS999,,,0,0,1,0,109.58,105.8,0.5,,,,,,,600,0,0
26-Jul-24 17:49:09:769,DRUPLUS999,,,0,0,1,0,109.58,105.62,0.5,,,,,,,600,0,0
26-Jul-24 17:49:11:767,DRUPLUS999,,,0,0,1,0,109.58,105.62,0.5,,,,,,,600,0,0
26-Jul-24 17:49:13:767,DRUPLUS999,,,0,0,1,0,109.58,105.62,0.5,,,,,,,600,0,0
26-Jul-24 17:49:15:766,DRUPLUS999,,,0,0,1,0,109.58,105.62,0.5,,,,,,,600,0,0
26-Jul-24 17:49:17:766,DRUPLUS999,,,0,0,1,0,109.58,105.62,0.5,,,,,,,600,0,0
26-Jul-24 17:49:19:766,DRUPLUS999,,,0,0,1,0,109.58,105.62,0.5,,,,,,,600,0,0
26-Jul-24 17:49:21:765,DRUPLUS999,,,0,0,1,0,109.58,105.62,0.4,,,,,,,600,0,0
26-Jul-24 17:49:23:766,DRUPLUS999,,,0,0,1,0,109.58,105.62,0.4,,,,,,,600,0,0
26-Jul-24 17:49:25:770,DRUPLUS999,,,0,0,1,0,109.58,105.62,0.5,,,,,,,600,0,0
26-Jul-24 17:49:27:767,DRUPLUS999,,,0,0,1,0,109.4,105.62,0.5,,,,,,,600,0,0
26-Jul-24 17:49:29:767,DRUPLUS999,,,0,0,1,0,109.4,105.62,0.5,,,,,,,600,0,0
26-Jul-24 17:49:31:766,DRUPLUS999,,,0,0,1,0,109.4,105.62,0.5,,,,,,,600,0,0
26-Jul-24 17:49:33:770,DRUPLUS999,,,0,0,1,0,109.4,105.62,0.5,,,,,,,600,0,0
26-Jul-24 17:49:35:771,DRUPLUS999,,,0,0,1,0,109.4,105.62,0.4,,,,,,,600,0,0
26-Jul-24 17:49:37:769,DRUPLUS999,,,0,0,1,0,109.4,105.62,0.5,,,,,,,600,0,0
26-Jul-24 17:49:39:772,DRUPLUS999,,,0,0,1,0,109.4,105.62,0.5,,,,,,,600,0,0
26-Jul-24 17:49:41:769,DRUPLUS999,,,0,0,1,0,109.4,105.62,0.5,,,,,,,600,0,0
26-Jul-24 17:49:43:767,DRUPLUS999,,,0,0,1,0,109.4,105.62,0.5,,,,,,,600,0,0
26-Jul-24 17:49:45:767,DRUPLUS999,,,0,0,1,0,109.4,105.62,0.5,,,,,,,600,0,0
26-Jul-24 17:49:47:778,DRUPLUS999,,,0,0,1,0,109.4,105.44,0.5,,,,,,,600,0,0
26-Jul-24 17:49:49:769,DRUPLUS999,,,0,0,1,0,109.4,105.62,0.5,,,,,,,600,0,0
26-Jul-24 17:49:51:771,DRUPLUS999,,,0,0,1,0,109.4,105.44,0.5,,,,,,,600,0,0
26-Jul-24 17:49:53:770,DRUPLUS999,,,0,0,1,0,109.4,105.44,0.5,,,,,,,600,0,0
26-Jul-24 17:49:55:770,DRUPLUS999,,,0,0,1,0,109.4,105.44,0.5,,,,,,,600,0,0
26-Jul-24 17:49:57:772,DRUPLUS999,,,0,0,1,0,109.4,105.62,0.5,,,,,,,600,0,0
26-Jul-24 17:49:59:770,DRUPLUS999,,,0,0,1,0,109.22,105.44,0.4,,,,,,,600,0,0
26-Jul-24 17:50:01:770,DRUPLUS999,,,0,0,1,0,109.22,105.44,0.5,,,,,,,600,0,0
26-Jul-24 17:50:03:771,DRUPLUS999,,,0,0,1,0,109.22,105.44,0.4,,,,,,,600,0,0
26-Jul-24 17:50:05:772,DRUPLUS999,,,0,0,1,0,109.22,105.44,0.5,,,,,,,600,0,0
26-Jul-24 17:50:07:774,DRUPLUS999,,,0,0,1,0,109.22,105.44,0.5,,,,,,,600,0,0
26-Jul-24 17:50:09:772,DRUPLUS999,,,0,0,1,0,109.22,105.44,0.5,,,,,,,600,0,0
26-Jul-24 17:50:11:770,DRUPLUS999,,,0,0,1,0,109.22,105.44,0.4,,,,,,,600,0,0
26-Jul-24 17:50:13:774,DRUPLUS999,,,0,0,1,0,109.22,105.44,0.5,,,,,,,600,0,0
26-Jul-24 17:50:15:771,DRUPLUS999,,,0,0,1,0,109.22,105.44,0.5,,,,,,,600,0,0
26-Jul-24 17:50:17:771,DRUPLUS999,,,0,0,1,0,109.22,105.26,0.5,,,,,,,600,0,0
26-Jul-24 17:50:19:772,DRUPLUS999,,,0,0,1,0,109.22,105.26,0.5,,,,,,,600,0,0
26-Jul-24 17:50:21:773,DRUPLUS999,,,0,0,1,0,109.22,105.26,0.5,,,,,,,600,0,0
26-Jul-24 17:50:23:774,DRUPLUS999,,,0,0,1,0,109.22,105.26,0.5,,,,,,,600,0,0
26-Jul-24 17:50:25:774,DRUPLUS999,,,0,0,1,0,109.22,105.26,0.5,,,,,,,600,0,0
26-Jul-24 17:50:27:775,DRUPLUS999,,,0,0,1,0,109.22,105.44,0.5,,,,,,,600,0,0
26-Jul-24 17:50:29:779,DRUPLUS999,,,0,0,1,0,109.22,105.26,0.4,,,,,,,600,0,0
26-Jul-24 17:50:31:780,DRUPLUS999,,,0,0,1,0,109.04,105.26,0.5,,,,,,,600,0,0
26-Jul-24 17:50:33:778,DRUPLUS999,,,0,0,1,0,109.04,105.26,0.5,,,,,,,600,0,0
26-Jul-24 17:50:35:779,DRUPLUS999,,,0,0,1,0,109.04,105.26,0.5,,,,,,,600,0,0
26-Jul-24 17:50:37:778,DRUPLUS999,,,0,0,1,0,109.04,105.26,0.5,,,,,,,600,0,0
26-Jul-24 17:50:39:778,DRUPLUS999,,,0,0,1,0,109.04,105.26,0.5,,,,,,,600,0,0
26-Jul-24 17:50:41:780,DRUPLUS999,,,0,0,1,0,109.04,105.26,0.5,,,,,,,600,0,0
26-Jul-24 17:50:43:780,DRUPLUS999,,,0,0,1,0,109.04,105.26,0.5,,,,,,,600,0,0
26-Jul-24 17:50:45:780,DRUPLUS999,,,0,0,1,0,109.04,105.26,0.5,,,,,,,600,0,0
26-Jul-24 17:50:47:780,DRUPLUS999,,,0,0,1,0,109.04,105.26,0.4,,,,,,,600,0,0
26-Jul-24 17:50:49:780,DRUPLUS999,,,0,0,1,0,109.04,105.44,0.5,,,,,,,600,0,0
26-Jul-24 17:50:51:782,DRUPLUS999,,,0,0,1,0,109.04,105.44,0.5,,,,,,,600,0,0
26-Jul-24 17:50:53:783,DRUPLUS999,,,0,0,1,0,109.04,105.44,0.5,,,,,,,600,0,0
26-Jul-24 17:50:55:780,DRUPLUS999,,,0,0,1,0,109.04,105.44,0.4,,,,,,,600,0,0
26-Jul-24 17:50:57:780,DRUPLUS999,,,0,0,1,0,109.04,105.44,0.5,,,,,,,600,0,0
26-Jul-24 17:50:59:780,DRUPLUS999,,,0,0,1,0,109.04,105.44,0.5,,,,,,,600,0,0
26-Jul-24 17:51:01:788,DRUPLUS999,,,0,0,1,0,109.04,105.44,0.5,,,,,,,600,0,0
26-Jul-24 17:51:03:780,DRUPLUS999,,,0,0,1,0,109.04,105.26,0.5,,,,,,,600,0,0
26-Jul-24 17:51:05:785,DRUPLUS999,,,0,0,1,0,108.86,105.26,0.5,,,,,,,600,0,0
26-Jul-24 17:51:07:780,DRUPLUS999,,,0,0,1,0,108.86,105.26,0.5,,,,,,,600,0,0
26-Jul-24 17:51:09:782,DRUPLUS999,,,0,0,1,0,108.86,105.26,0.5,,,,,,,600,0,0
26-Jul-24 17:51:11:780,DRUPLUS999,,,0,0,1,0,108.86,105.26,0.5,,,,,,,600,0,0
26-Jul-24 17:51:13:786,DRUPLUS999,,,0,0,1,0,108.86,105.26,0.4,,,,,,,600,0,0
26-Jul-24 17:51:15:788,DRUPLUS999,,,0,0,1,0,108.86,105.26,0.5,,,,,,,600,0,0
26-Jul-24 17:51:17:782,DRUPLUS999,,,0,0,1,0,108.86,105.26,0.4,,,,,,,600,0,0
26-Jul-24 17:51:19:787,DRUPLUS999,,,0,0,1,0,108.86,105.26,0.4,,,,,,,600,0,0
26-Jul-24 17:51:21:782,DRUPLUS999,,,0,0,1,0,108.86,105.26,0.5,,,,,,,600,0,0
26-Jul-24 17:51:23:782,DRUPLUS999,,,0,0,1,0,108.86,105.26,0.5,,,,,,,600,0,0
26-Jul-24 17:51:25:782,DRUPLUS999,,,0,0,1,0,108.86,105.44,0.5,,,,,,,600,0,0
26-Jul-24 17:51:27:786,DRUPLUS999,,,0,0,1,0,108.86,105.26,0.5,,,,,,,600,0,0
26-Jul-24 17:51:29:783,DRUPLUS999,,,0,0,1,0,108.86,105.26,0.5,,,,,,,600,0,0
26-Jul-24 17:51:31:783,DRUPLUS999,,,0,0,1,0,108.86,105.26,0.5,,,,,,,600,0,0
26-Jul-24 17:51:33:787,DRUPLUS999,,,0,0,1,0,108.86,105.26,0.5,,,,,,,600,0,0
26-Jul-24 17:51:35:785,DRUPLUS999,,,0,0,1,0,108.86,105.26,0.5,,,,,,,600,0,0
26-Jul-24 17:51:37:787,DRUPLUS999,,,0,0,1,0,108.86,105.26,0.4,,,,,,,600,0,0
26-Jul-24 17:51:39:794,DRUPLUS999,,,0,0,1,0,108.68,105.26,0.5,,,,,,,600,0,0
26-Jul-24 17:51:41:785,DRUPLUS999,,,0,0,1,0,108.68,105.26,0.5,,,,,,,600,0,0
26-Jul-24 17:51:43:787,DRUPLUS999,,,0,0,1,0,108.68,105.26,0.5,,,,,,,600,0,0
26-Jul-24 17:51:45:785,DRUPLUS999,,,0,0,1,0,108.68,105.26,0.5,,,,,,,600,0,0
26-Jul-24 17:51:47:786,DRUPLUS999,,,0,0,1,0,108.68,105.26,0.5,,,,,,,600,0,0
26-Jul-24 17:51:49:802,DRUPLUS999,,,0,0,1,0,108.68,105.26,0.5,,,,,,,600,0,0
26-Jul-24 17:51:51:787,DRUPLUS999,,,0,0,1,0,108.68,105.26,0.5,,,,,,,600,0,0
26-Jul-24 17:51:53:790,DRUPLUS999,,,0,0,1,0,108.68,105.26,0.5,,,,,,,600,0,0
26-Jul-24 17:51:55:786,DRUPLUS999,,,0,0,1,0,108.68,105.26,0.5,,,,,,,600,0,0
26-Jul-24 17:51:57:792,DRUPLUS999,,,0,0,1,0,108.68,105.26,0.5,,,,,,,600,0,0
26-Jul-24 17:51:59:790,DRUPLUS999,,,0,0,1,0,108.68,105.26,0.5,,,,,,,600,0,0
26-Jul-24 17:52:01:790,DRUPLUS999,,,0,0,1,0,108.68,105.26,0.5,,,,,,,600,0,0
26-Jul-24 17:52:03:790,DRUPLUS999,,,0,0,1,0,108.68,105.26,0.5,,,,,,,600,0,0
26-Jul-24 17:52:05:797,DRUPLUS999,,,0,0,1,0,108.68,105.26,0.4,,,,,,,600,0,0
26-Jul-24 17:52:07:796,DRUPLUS999,,,0,0,1,0,108.68,105.26,0.5,,,,,,,600,0,0
26-Jul-24 17:52:09:788,DRUPLUS999,,,0,0,1,0,108.68,105.26,0.5,,,,,,,600,0,0
26-Jul-24 17:52:11:786,DRUPLUS999,,,0,0,1,0,108.68,105.26,0.5,,,,,,,600,0,0
26-Jul-24 17:52:13:787,DRUPLUS999,,,0,0,1,0,108.5,105.26,0.4,,,,,,,600,0,0
26-Jul-24 17:52:15:787,DRUPLUS999,,,0,0,1,0,108.5,105.08,0.4,,,,,,,600,0,0
26-Jul-24 17:52:17:787,DRUPLUS999,,,0,0,1,0,108.5,105.08,0.5,,,,,,,600,0,0
26-Jul-24 17:52:19:795,DRUPLUS999,,,0,0,1,0,108.5,105.08,0.5,,,,,,,600,0,0
