Time & Date,MachineName,UserComment,UserID,GELHtrOn,GELLevelSwitch,GELMtrOn,GELHtrOut(%),GELTempCell(degF),GELTempMud(degF),GELDialPoll,Depth(ft),TVD(ft),T/D Activity,Lag Depth(ft),Hole Depth(ft),Hole TVD(ft),GELMotorSpeed(rpm),GelHtrOffTm(min),GelHtrOnTm(min)
20-Jun-24 19:01:12:086,DRUPLUS999,,,0,0,1,0,84.74,84.74,1.1,,,,,,,600,0,0
20-Jun-24 19:01:14:086,DRUPLUS999,,,0,0,1,0,84.74,84.74,1.1,,,,,,,600,0,0
20-Jun-24 19:01:16:086,DRUPLUS999,,,0,0,1,0,84.74,84.74,1.1,,,,,,,600,0,0
20-Jun-24 19:01:18:086,DRUPLUS999,,,0,0,1,0,84.74,84.74,1.1,,,,,,,600,0,0
20-Jun-24 19:01:20:086,DRUPLUS999,,,0,0,1,0,84.74,84.74,1.1,,,,,,,600,0,0
20-Jun-24 19:01:22:086,DRUPLUS999,,,0,0,1,0,84.74,84.74,1.1,,,,,,,600,0,0
20-Jun-24 19:01:24:088,DRUPLUS999,,,0,0,1,0,84.74,84.74,1.1,,,,,,,600,0,0
20-Jun-24 19:01:26:089,DRUPLUS999,,,0,0,1,0,84.74,84.74,1.1,,,,,,,600,0,0
20-Jun-24 19:01:28:089,DRUPLUS999,,,0,0,1,0,84.74,84.92,1.1,,,,,,,600,0,0
20-Jun-24 19:01:30:089,DRUPLUS999,,,0,0,1,0,84.74,84.74,1.1,,,,,,,600,0,0
20-Jun-24 19:01:32:090,DRUPLUS999,,,0,0,1,0,84.74,84.74,1.1,,,,,,,600,0,0
20-Jun-24 19:01:34:090,DRUPLUS999,,,0,0,1,0,84.74,84.74,1.1,,,,,,,600,0,0
20-Jun-24 19:01:36:091,DRUPLUS999,,,0,0,1,0,84.74,84.74,1.1,,,,,,,600,0,0
20-Jun-24 19:01:38:091,DRUPLUS999,,,0,0,1,0,84.74,84.74,1.1,,,,,,,600,0,0
20-Jun-24 19:01:40:091,DRUPLUS999,,,0,0,1,0,84.74,84.74,1.1,,,,,,,600,0,0
20-Jun-24 19:01:42:091,DRUPLUS999,,,0,0,1,0,84.74,84.74,1.1,,,,,,,600,0,0
20-Jun-24 19:01:44:091,DRUPLUS999,,,0,0,1,0,84.74,84.74,1.1,,,,,,,600,0,0
20-Jun-24 19:01:46:092,DRUPLUS999,,,0,0,1,0,84.74,84.74,1.1,,,,,,,600,0,0
20-Jun-24 19:01:48:093,DRUPLUS999,,,0,0,1,0,84.74,84.74,1.1,,,,,,,600,0,0
20-Jun-24 19:01:50:093,DRUPLUS999,,,0,0,1,0,84.74,84.56,1.1,,,,,,,600,0,0
20-Jun-24 19:01:52:093,DRUPLUS999,,,0,0,1,0,84.74,84.74,1.1,,,,,,,600,0,0
20-Jun-24 19:01:54:093,DRUPLUS999,,,0,0,1,0,84.74,84.74,1.1,,,,,,,600,0,0
20-Jun-24 19:01:56:093,DRUPLUS999,,,0,0,1,0,84.74,84.92,1.1,,,,,,,600,0,0
20-Jun-24 19:01:58:094,DRUPLUS999,,,0,0,1,0,84.74,84.92,1.1,,,,,,,600,0,0
20-Jun-24 19:02:00:094,DRUPLUS999,,,0,0,1,0,84.74,84.92,1.1,,,,,,,600,0,0
20-Jun-24 19:02:02:094,DRUPLUS999,,,0,0,1,0,84.74,84.92,1.1,,,,,,,600,0,0
20-Jun-24 19:02:04:094,DRUPLUS999,,,0,0,1,0,84.74,84.74,1.1,,,,,,,600,0,0
20-Jun-24 19:02:06:094,DRUPLUS999,,,0,0,1,0,84.74,84.74,1.1,,,,,,,600,0,0
20-Jun-24 19:02:08:094,DRUPLUS999,,,0,0,1,0,84.74,84.74,1.1,,,,,,,600,0,0
20-Jun-24 19:02:10:094,DRUPLUS999,,,0,0,1,0,84.74,84.74,1.1,,,,,,,600,0,0
20-Jun-24 19:02:12:094,DRUPLUS999,,,0,0,1,0,84.74,84.74,1.1,,,,,,,600,0,0
20-Jun-24 19:02:14:094,DRUPLUS999,,,0,0,1,0,84.74,84.74,1.1,,,,,,,600,0,0
20-Jun-24 19:02:16:094,DRUPLUS999,,,0,0,1,0,84.74,84.74,1.1,,,,,,,600,0,0
20-Jun-24 19:02:18:094,DRUPLUS999,,,0,0,1,0,84.74,84.74,1.1,,,,,,,600,0,0
20-Jun-24 19:02:20:094,DRUPLUS999,,,0,0,1,0,84.74,84.74,1.1,,,,,,,600,0,0
20-Jun-24 19:02:22:095,DRUPLUS999,,,0,0,1,0,84.74,84.74,1.1,,,,,,,600,0,0
20-Jun-24 19:02:24:096,DRUPLUS999,,,0,0,1,0,84.74,84.74,1.1,,,,,,,600,0,0
20-Jun-24 19:02:26:098,DRUPLUS999,,,0,0,1,0,84.74,84.74,1.1,,,,,,,600,0,0
20-Jun-24 19:02:28:098,DRUPLUS999,,,0,0,1,0,84.74,84.74,1.1,,,,,,,600,0,0
20-Jun-24 19:02:30:098,DRUPLUS999,,,0,0,1,0,84.74,84.74,1.1,,,,,,,600,0,0
20-Jun-24 19:02:32:098,DRUPLUS999,,,0,0,1,0,84.74,84.74,1.1,,,,,,,600,0,0
20-Jun-24 19:02:34:099,DRUPLUS999,,,0,0,1,0,84.74,84.56,1.1,,,,,,,600,0,0
20-Jun-24 19:02:36:098,DRUPLUS999,,,0,0,1,0,84.74,84.56,1.1,,,,,,,600,0,0
20-Jun-24 19:02:38:098,DRUPLUS999,,,0,0,1,0,84.74,84.56,1.1,,,,,,,600,0,0
20-Jun-24 19:02:40:098,DRUPLUS999,,,0,0,1,0,84.74,84.56,1.1,,,,,,,600,0,0
20-Jun-24 19:02:42:098,DRUPLUS999,,,0,0,1,0,84.74,84.74,1.1,,,,,,,600,0,0
20-Jun-24 19:02:44:098,DRUPLUS999,,,0,0,1,0,84.74,84.74,1.1,,,,,,,600,0,0
20-Jun-24 19:02:46:098,DRUPLUS999,,,0,0,1,0,84.74,84.74,1.1,,,,,,,600,0,0
20-Jun-24 19:02:48:098,DRUPLUS999,,,0,0,1,0,84.74,84.74,1.1,,,,,,,600,0,0
20-Jun-24 19:02:50:099,DRUPLUS999,,,0,0,1,0,84.74,84.74,1.1,,,,,,,600,0,0
20-Jun-24 19:02:52:098,DRUPLUS999,,,0,0,1,0,84.74,84.74,1.1,,,,,,,600,0,0
20-Jun-24 19:02:54:099,DRUPLUS999,,,0,0,1,0,84.74,84.56,1.1,,,,,,,600,0,0
20-Jun-24 19:02:56:099,DRUPLUS999,,,0,0,1,0,84.74,84.74,1.1,,,,,,,600,0,0
20-Jun-24 19:02:58:099,DRUPLUS999,,,0,0,1,0,84.74,84.74,1.1,,,,,,,600,0,0
20-Jun-24 19:03:00:099,DRUPLUS999,,,0,0,1,0,84.74,84.74,1.1,,,,,,,600,0,0
20-Jun-24 19:03:02:099,DRUPLUS999,,,0,0,1,0,84.74,84.74,1.1,,,,,,,600,0,0
20-Jun-24 19:03:04:099,DRUPLUS999,,,0,0,1,0,84.74,84.74,1.1,,,,,,,600,0,0
20-Jun-24 19:03:06:100,DRUPLUS999,,,0,0,1,0,84.74,84.74,1.1,,,,,,,600,0,0
20-Jun-24 19:03:08:099,DRUPLUS999,,,0,0,1,0,84.74,84.74,1.1,,,,,,,600,0,0
20-Jun-24 19:03:10:100,DRUPLUS999,,,0,0,1,0,84.74,84.74,1.1,,,,,,,600,0,0
20-Jun-24 19:03:12:099,DRUPLUS999,,,0,0,1,0,84.74,84.92,1.1,,,,,,,600,0,0
20-Jun-24 19:03:14:099,DRUPLUS999,,,0,0,1,0,84.74,84.92,1.1,,,,,,,600,0,0
20-Jun-24 19:03:16:100,DRUPLUS999,,,0,0,1,0,84.74,84.92,1.1,,,,,,,600,0,0
20-Jun-24 19:03:18:101,DRUPLUS999,,,0,0,1,0,84.74,84.74,1.1,,,,,,,600,0,0
20-Jun-24 19:03:20:101,DRUPLUS999,,,0,0,1,0,84.74,84.92,1.1,,,,,,,600,0,0
20-Jun-24 19:03:22:101,DRUPLUS999,,,0,0,1,0,84.74,84.74,1.1,,,,,,,600,0,0
20-Jun-24 19:03:24:103,DRUPLUS999,,,0,0,1,0,84.74,84.74,1.1,,,,,,,600,0,0
20-Jun-24 19:03:26:104,DRUPLUS999,,,0,0,1,0,84.74,84.74,1.1,,,,,,,600,0,0
20-Jun-24 19:03:28:104,DRUPLUS999,,,0,0,1,0,84.74,84.74,1.1,,,,,,,600,0,0
20-Jun-24 19:03:30:103,DRUPLUS999,,,0,0,1,0,84.74,84.74,1.1,,,,,,,600,0,0
20-Jun-24 19:03:32:103,DRUPLUS999,,,0,0,1,0,84.74,84.74,1.1,,,,,,,600,0,0
20-Jun-24 19:03:34:103,DRUPLUS999,,,0,0,1,0,84.74,84.74,1.1,,,,,,,600,0,0
20-Jun-24 19:03:36:103,DRUPLUS999,,,0,0,1,0,84.74,84.74,1.1,,,,,,,600,0,0
20-Jun-24 19:03:38:103,DRUPLUS999,,,0,0,1,0,84.74,84.74,1.1,,,,,,,600,0,0
20-Jun-24 19:03:40:103,DRUPLUS999,,,0,0,1,0,84.74,84.74,1.1,,,,,,,600,0,0
20-Jun-24 19:03:42:103,DRUPLUS999,,,0,0,1,0,84.74,84.74,1.1,,,,,,,600,0,0
20-Jun-24 19:03:44:103,DRUPLUS999,,,0,0,1,0,84.74,84.92,1.1,,,,,,,600,0,0
20-Jun-24 19:03:46:104,DRUPLUS999,,,0,0,1,0,84.74,84.92,1.1,,,,,,,600,0,0
20-Jun-24 19:03:48:104,DRUPLUS999,,,0,0,1,0,84.74,84.92,1.1,,,,,,,600,0,0
20-Jun-24 19:03:50:105,DRUPLUS999,,,0,0,1,0,84.74,85.1,1.1,,,,,,,600,0,0
20-Jun-24 19:03:52:105,DRUPLUS999,,,0,0,1,0,84.74,84.92,1.1,,,,,,,600,0,0
20-Jun-24 19:03:54:105,DRUPLUS999,,,0,0,1,0,84.74,84.92,1.1,,,,,,,600,0,0
20-Jun-24 19:03:56:105,DRUPLUS999,,,0,0,1,0,84.74,84.92,1.1,,,,,,,600,0,0
20-Jun-24 19:03:58:106,DRUPLUS999,,,0,0,1,0,84.74,84.74,1.1,,,,,,,600,0,0
20-Jun-24 19:04:00:106,DRUPLUS999,,,0,0,1,0,84.74,84.74,1.1,,,,,,,600,0,0
20-Jun-24 19:04:02:106,DRUPLUS999,,,0,0,1,0,84.74,84.74,1.1,,,,,,,600,0,0
20-Jun-24 19:04:04:107,DRUPLUS999,,,0,0,1,0,84.74,84.74,1.1,,,,,,,600,0,0
20-Jun-24 19:04:06:107,DRUPLUS999,,,0,0,1,0,84.74,84.74,1.1,,,,,,,600,0,0
20-Jun-24 19:04:08:107,DRUPLUS999,,,0,0,1,0,84.74,84.74,1.1,,,,,,,600,0,0
20-Jun-24 19:04:10:107,DRUPLUS999,,,0,0,1,0,84.74,84.74,1.1,,,,,,,600,0,0
20-Jun-24 19:04:12:107,DRUPLUS999,,,0,0,1,0,84.74,84.74,1.1,,,,,,,600,0,0
20-Jun-24 19:04:14:108,DRUPLUS999,,,0,0,1,0,84.74,84.74,1.1,,,,,,,600,0,0
20-Jun-24 19:04:16:108,DRUPLUS999,,,0,0,1,0,84.74,84.74,1.1,,,,,,,600,0,0
20-Jun-24 19:04:18:108,DRUPLUS999,,,0,0,1,0,84.74,84.74,1.1,,,,,,,600,0,0
20-Jun-24 19:04:20:109,DRUPLUS999,,,0,0,1,0,84.74,84.74,1.1,,,,,,,600,0,0
20-Jun-24 19:04:22:108,DRUPLUS999,,,0,0,1,0,84.74,84.74,1.1,,,,,,,600,0,0
20-Jun-24 19:04:24:108,DRUPLUS999,,,0,0,1,0,84.74,84.74,1.1,,,,,,,600,0,0
20-Jun-24 19:04:26:109,DRUPLUS999,,,0,0,1,0,84.74,84.74,1.1,,,,,,,600,0,0
20-Jun-24 19:04:28:109,DRUPLUS999,,,0,0,1,0,84.74,84.56,1.1,,,,,,,600,0,0
20-Jun-24 19:04:30:109,DRUPLUS999,,,0,0,1,0,84.74,84.56,1.1,,,,,,,600,0,0
20-Jun-24 19:04:32:109,DRUPLUS999,,,0,0,1,50,84.74,84.56,1.1,,,,,,,600,0,0
20-Jun-24 19:04:34:109,DRUPLUS999,,,0,0,1,50,84.74,84.74,1.1,,,,,,,600,0,0
20-Jun-24 19:04:36:109,DRUPLUS999,,,1,0,1,50,84.74,84.74,1.1,,,,,,,600,0,0
20-Jun-24 19:04:38:109,DRUPLUS999,,,0,0,1,50,84.74,84.74,1.1,,,,,,,600,0,0
20-Jun-24 19:04:40:109,DRUPLUS999,,,1,0,1,50,84.74,84.74,1.1,,,,,,,600,0,0
20-Jun-24 19:04:42:109,DRUPLUS999,,,0,0,1,50,84.74,84.56,1.1,,,,,,,600,0,0
20-Jun-24 19:04:44:109,DRUPLUS999,,,1,0,1,50,84.74,84.56,1.1,,,,,,,600,0,0
20-Jun-24 19:04:46:109,DRUPLUS999,,,0,0,1,50,84.74,84.56,1.1,,,,,,,600,0,0
20-Jun-24 19:04:48:109,DRUPLUS999,,,1,0,1,50,84.74,84.74,1.1,,,,,,,600,0,0
20-Jun-24 19:04:50:109,DRUPLUS999,,,0,0,1,50,84.92,84.74,1.1,,,,,,,600,0,0
20-Jun-24 19:04:52:109,DRUPLUS999,,,1,0,1,50,84.92,84.74,1.1,,,,,,,600,0,0
20-Jun-24 19:04:54:109,DRUPLUS999,,,0,0,1,50,85.1,84.74,1.1,,,,,,,600,0,0
20-Jun-24 19:04:56:109,DRUPLUS999,,,1,0,1,50,85.1,84.74,1.1,,,,,,,600,0,0
20-Jun-24 19:04:58:109,DRUPLUS999,,,0,0,1,50,85.28,84.74,1.1,,,,,,,600,0,0
20-Jun-24 19:05:00:111,DRUPLUS999,,,1,0,1,50,85.46,84.92,1.1,,,,,,,600,0,0
20-Jun-24 19:05:02:111,DRUPLUS999,,,0,0,1,50,85.82,84.92,1.1,,,,,,,600,0,0
20-Jun-24 19:05:04:112,DRUPLUS999,,,1,0,1,50,86,84.92,1.1,,,,,,,600,0,0
20-Jun-24 19:05:06:112,DRUPLUS999,,,0,0,1,50,86.36,85.1,1.1,,,,,,,600,0,0
20-Jun-24 19:05:08:113,DRUPLUS999,,,1,0,1,50,86.72,85.1,1.1,,,,,,,600,0,0
20-Jun-24 19:05:10:113,DRUPLUS999,,,0,0,1,50,87.08,85.1,1.1,,,,,,,600,0,0
20-Jun-24 19:05:12:113,DRUPLUS999,,,1,0,1,50,87.44,85.1,1.1,,,,,,,600,0,0
20-Jun-24 19:05:14:113,DRUPLUS999,,,0,0,1,50,87.8,85.1,1.1,,,,,,,600,0,0
20-Jun-24 19:05:16:113,DRUPLUS999,,,1,0,1,50,88.34,85.1,1.1,,,,,,,600,0,0
20-Jun-24 19:05:18:114,DRUPLUS999,,,0,0,1,50,88.88,85.1,1.1,,,,,,,600,0,0
20-Jun-24 19:05:20:114,DRUPLUS999,,,1,0,1,50,89.42,85.28,1.1,,,,,,,600,0,0
20-Jun-24 19:05:22:115,DRUPLUS999,,,0,0,1,50,89.96,85.28,1.1,,,,,,,600,0,0
20-Jun-24 19:05:24:116,DRUPLUS999,,,1,0,1,50,90.68,85.28,1.1,,,,,,,600,0,0
20-Jun-24 19:05:26:116,DRUPLUS999,,,0,0,1,50,91.04,85.46,1.1,,,,,,,600,0,0
20-Jun-24 19:05:28:117,DRUPLUS999,,,1,0,1,50,91.76,85.46,1.1,,,,,,,600,0,0
20-Jun-24 19:05:30:116,DRUPLUS999,,,0,0,1,50,92.3,85.46,1.1,,,,,,,600,0,0
20-Jun-24 19:05:32:116,DRUPLUS999,,,1,0,1,50,93.2,85.64,1.1,,,,,,,600,0,0
20-Jun-24 19:05:34:117,DRUPLUS999,,,0,0,1,50,93.74,85.64,1.1,,,,,,,600,0,0
20-Jun-24 19:05:36:117,DRUPLUS999,,,1,0,1,50,94.46,85.64,1.1,,,,,,,600,0,0
20-Jun-24 19:05:38:118,DRUPLUS999,,,0,0,1,50,95,85.82,1.1,,,,,,,600,0,0
20-Jun-24 19:05:40:119,DRUPLUS999,,,1,0,1,50,95.9,85.82,1.1,,,,,,,600,0,0
20-Jun-24 19:05:42:119,DRUPLUS999,,,0,0,1,50,96.44,86,1.1,,,,,,,600,0,0
20-Jun-24 19:05:44:119,DRUPLUS999,,,1,0,1,50,96.98,86,1.1,,,,,,,600,0,0
20-Jun-24 19:05:46:121,DRUPLUS999,,,0,0,1,50,97.88,86,1.1,,,,,,,600,0,0
20-Jun-24 19:05:48:121,DRUPLUS999,,,1,0,1,50,98.42,86.18,1.1,,,,,,,600,0,0
20-Jun-24 19:05:50:119,DRUPLUS999,,,0,0,1,50,99.32,86.36,1.1,,,,,,,600,0,0
20-Jun-24 19:05:52:119,DRUPLUS999,,,1,0,1,50,99.86,86.36,1.1,,,,,,,600,0,0
20-Jun-24 19:05:54:119,DRUPLUS999,,,0,0,1,50,100.76,86.54,1.1,,,,,,,600,0,0
20-Jun-24 19:05:56:119,DRUPLUS999,,,1,0,1,50,101.3,86.54,1.1,,,,,,,600,0,0
20-Jun-24 19:05:58:119,DRUPLUS999,,,0,0,1,50,102.2,86.72,1.1,,,,,,,600,0,0
20-Jun-24 19:06:00:122,DRUPLUS999,,,1,0,1,50,102.74,86.72,1.1,,,,,,,600,0,0
20-Jun-24 19:06:02:123,DRUPLUS999,,,0,0,1,50,103.64,86.9,1.1,,,,,,,600,0,0
20-Jun-24 19:06:04:122,DRUPLUS999,,,1,0,1,50,104.18,87.08,1.1,,,,,,,600,0,0
20-Jun-24 19:06:06:122,DRUPLUS999,,,0,0,1,50,105.08,87.08,1.1,,,,,,,600,0,0
20-Jun-24 19:06:08:123,DRUPLUS999,,,1,0,1,50,105.8,87.26,1.1,,,,,,,600,0,0
20-Jun-24 19:06:10:123,DRUPLUS999,,,0,0,1,50,106.52,87.44,1.1,,,,,,,600,0,0
20-Jun-24 19:06:12:123,DRUPLUS999,,,1,0,1,50,107.24,87.62,1.1,,,,,,,600,0,0
20-Jun-24 19:06:14:124,DRUPLUS999,,,0,0,1,50,107.78,87.62,1.1,,,,,,,600,0,0
20-Jun-24 19:06:16:124,DRUPLUS999,,,1,0,1,50,108.5,87.98,1.1,,,,,,,600,0,0
20-Jun-24 19:06:18:124,DRUPLUS999,,,0,0,1,50,109.22,87.98,1.1,,,,,,,600,0,0
20-Jun-24 19:06:20:125,DRUPLUS999,,,1,0,1,50,109.94,88.16,1.1,,,,,,,600,0,0
20-Jun-24 19:06:22:125,DRUPLUS999,,,0,0,1,50,110.48,88.34,1.1,,,,,,,600,0,0
20-Jun-24 19:06:24:125,DRUPLUS999,,,1,0,1,50,111.38,88.52,1.1,,,,,,,600,0,0
20-Jun-24 19:06:26:126,DRUPLUS999,,,0,0,1,50,111.92,88.52,1.1,,,,,,,600,0,0
20-Jun-24 19:06:28:126,DRUPLUS999,,,1,0,1,50,112.82,88.7,1.1,,,,,,,600,0,0
20-Jun-24 19:06:30:126,DRUPLUS999,,,0,0,1,50,113.36,88.88,1.1,,,,,,,600,0,0
20-Jun-24 19:06:32:126,DRUPLUS999,,,1,0,1,50,114.08,88.88,1.1,,,,,,,600,0,0
20-Jun-24 19:06:34:126,DRUPLUS999,,,0,0,1,50,114.62,89.06,1.1,,,,,,,600,0,0
20-Jun-24 19:06:36:125,DRUPLUS999,,,1,0,1,50,115.52,89.24,1.1,,,,,,,600,0,0
20-Jun-24 19:06:38:126,DRUPLUS999,,,0,0,1,50,115.88,89.42,1.1,,,,,,,600,0,0
20-Jun-24 19:06:40:126,DRUPLUS999,,,1,0,1,50,116.78,89.6,1.1,,,,,,,600,0,0
20-Jun-24 19:06:42:127,DRUPLUS999,,,0,0,1,50,117.32,89.78,1.1,,,,,,,600,0,0
20-Jun-24 19:06:44:127,DRUPLUS999,,,1,0,1,50,118.04,89.96,1.1,,,,,,,600,0,0
20-Jun-24 19:06:46:128,DRUPLUS999,,,0,0,1,50,118.58,89.96,1.1,,,,,,,600,0,0
20-Jun-24 19:06:48:129,DRUPLUS999,,,1,0,1,50,119.12,90.14,1.1,,,,,,,600,0,0
20-Jun-24 19:06:50:128,DRUPLUS999,,,0,0,1,50,119.84,90.32,1.1,,,,,,,600,0,0
20-Jun-24 19:06:52:129,DRUPLUS999,,,1,0,1,50,120.2,90.5,1.1,,,,,,,600,0,0
20-Jun-24 19:06:54:129,DRUPLUS999,,,0,0,1,50,121.1,90.5,1.1,,,,,,,600,0,0
20-Jun-24 19:06:56:129,DRUPLUS999,,,1,0,1,50,121.46,90.68,1.1,,,,,,,600,0,0
20-Jun-24 19:06:58:129,DRUPLUS999,,,0,0,1,50,122.18,90.86,1.1,,,,,,,600,0,0
20-Jun-24 19:07:00:130,DRUPLUS999,,,1,0,1,50,122.72,91.04,1.1,,,,,,,600,0,0
20-Jun-24 19:07:02:130,DRUPLUS999,,,0,0,1,50,123.44,91.22,1.1,,,,,,,600,0,0
20-Jun-24 19:07:04:130,DRUPLUS999,,,1,0,1,50,123.8,91.4,1.1,,,,,,,600,0,0
20-Jun-24 19:07:06:130,DRUPLUS999,,,0,0,1,50,124.52,91.76,1.1,,,,,,,600,0,0
20-Jun-24 19:07:08:130,DRUPLUS999,,,1,0,1,50,125.06,91.94,1.1,,,,,,,600,0,0
20-Jun-24 19:07:10:130,DRUPLUS999,,,0,0,1,50,125.78,91.94,1.1,,,,,,,600,0,0
20-Jun-24 19:07:12:131,DRUPLUS999,,,1,0,1,50,126.14,92.3,1.1,,,,,,,600,0,0
20-Jun-24 19:07:14:131,DRUPLUS999,,,0,0,1,50,126.86,92.48,1.1,,,,,,,600,0,0
20-Jun-24 19:07:16:131,DRUPLUS999,,,1,0,1,50,127.22,92.66,1.1,,,,,,,600,0,0
20-Jun-24 19:07:18:131,DRUPLUS999,,,0,0,1,50,127.94,92.66,1.1,,,,,,,600,0,0
20-Jun-24 19:07:20:132,DRUPLUS999,,,1,0,1,50,128.3,92.84,1.1,,,,,,,600,0,0
20-Jun-24 19:07:22:132,DRUPLUS999,,,0,0,1,50,129.02,93.02,1.1,,,,,,,600,0,0
20-Jun-24 19:07:24:132,DRUPLUS999,,,1,0,1,50,129.38,93.2,1.1,,,,,,,600,0,0
20-Jun-24 19:07:26:134,DRUPLUS999,,,0,0,1,50,130.1,93.38,1.1,,,,,,,600,0,0
20-Jun-24 19:07:28:132,DRUPLUS999,,,1,0,1,50,130.46,93.56,1.1,,,,,,,600,0,0
20-Jun-24 19:07:30:132,DRUPLUS999,,,0,0,1,50,131,93.92,1.1,,,,,,,600,0,0
20-Jun-24 19:07:32:132,DRUPLUS999,,,1,0,1,50,131.54,94.1,1.1,,,,,,,600,0,0
20-Jun-24 19:07:34:135,DRUPLUS999,,,0,0,1,50,132.08,94.28,1.1,,,,,,,600,0,0
20-Jun-24 19:07:36:134,DRUPLUS999,,,1,0,1,50,132.44,94.46,1.1,,,,,,,600,0,0
20-Jun-24 19:07:38:135,DRUPLUS999,,,0,0,1,50,133.16,94.64,1.1,,,,,,,600,0,0
20-Jun-24 19:07:40:136,DRUPLUS999,,,1,0,1,50,133.52,94.64,1.1,,,,,,,600,0,0
20-Jun-24 19:07:42:135,DRUPLUS999,,,0,0,1,50,133.88,95,1.1,,,,,,,600,0,0
20-Jun-24 19:07:44:135,DRUPLUS999,,,1,0,1,50,134.42,95,1.1,,,,,,,600,0,0
20-Jun-24 19:07:46:134,DRUPLUS999,,,0,0,1,50,134.78,95.18,1.1,,,,,,,600,0,0
20-Jun-24 19:07:48:135,DRUPLUS999,,,1,0,1,50,135.32,95.54,1.1,,,,,,,600,0,0
20-Jun-24 19:07:50:135,DRUPLUS999,,,0,0,1,50,135.68,95.72,1.1,,,,,,,600,0,0
20-Jun-24 19:07:52:135,DRUPLUS999,,,1,0,1,50,136.4,95.9,1.1,,,,,,,600,0,0
20-Jun-24 19:07:54:135,DRUPLUS999,,,0,0,1,50,136.76,96.08,1.1,,,,,,,600,0,0
20-Jun-24 19:07:56:135,DRUPLUS999,,,1,0,1,50,137.3,96.44,1.1,,,,,,,600,0,0
20-Jun-24 19:07:58:135,DRUPLUS999,,,0,0,1,50,137.66,96.62,1.1,,,,,,,600,0,0
20-Jun-24 19:08:00:136,DRUPLUS999,,,1,0,1,50,138.2,96.8,1.1,,,,,,,600,0,0
20-Jun-24 19:08:02:136,DRUPLUS999,,,0,0,1,50,138.56,96.98,1.1,,,,,,,600,0,0
20-Jun-24 19:08:04:136,DRUPLUS999,,,1,0,1,50,139.1,97.16,1.1,,,,,,,600,0,0
20-Jun-24 19:08:06:136,DRUPLUS999,,,0,0,1,50,139.28,97.16,1.1,,,,,,,600,0,0
20-Jun-24 19:08:08:136,DRUPLUS999,,,1,0,1,50,139.82,97.34,1.1,,,,,,,600,0,0
20-Jun-24 19:08:10:136,DRUPLUS999,,,0,0,1,50,140.18,97.7,1.1,,,,,,,600,0,0
20-Jun-24 19:08:12:136,DRUPLUS999,,,1,0,1,50,140.54,97.88,1.1,,,,,,,600,0,0
20-Jun-24 19:08:14:136,DRUPLUS999,,,0,0,1,50,141.08,98.06,1.1,,,,,,,600,0,0
20-Jun-24 19:08:16:136,DRUPLUS999,,,1,0,1,50,141.44,98.24,1.1,,,,,,,600,0,0
20-Jun-24 19:08:18:137,DRUPLUS999,,,0,0,1,50,141.8,98.42,1.1,,,,,,,600,0,0
20-Jun-24 19:08:20:137,DRUPLUS999,,,1,0,1,50,142.16,98.78,1.1,,,,,,,600,0,0
20-Jun-24 19:08:22:136,DRUPLUS999,,,0,0,1,50,142.7,98.96,1.1,,,,,,,600,0,0
20-Jun-24 19:08:24:136,DRUPLUS999,,,1,0,1,50,143.06,99.14,1.1,,,,,,,600,0,0
20-Jun-24 19:08:26:136,DRUPLUS999,,,0,0,1,50,143.42,99.32,1.1,,,,,,,600,0,0
20-Jun-24 19:08:28:136,DRUPLUS999,,,1,0,1,50,143.78,99.68,1.1,,,,,,,600,0,0
20-Jun-24 19:08:30:136,DRUPLUS999,,,0,0,1,50,144.32,99.68,1.1,,,,,,,600,0,0
20-Jun-24 19:08:32:136,DRUPLUS999,,,1,0,1,50,144.5,100.04,1.1,,,,,,,600,0,0
20-Jun-24 19:08:34:136,DRUPLUS999,,,0,0,1,50,145.04,100.04,1.1,,,,,,,600,0,0
20-Jun-24 19:08:36:137,DRUPLUS999,,,1,0,1,50,145.4,100.22,1.1,,,,,,,600,0,0
20-Jun-24 19:08:38:136,DRUPLUS999,,,0,0,1,50,145.76,100.58,1.1,,,,,,,600,0,0
20-Jun-24 19:08:40:137,DRUPLUS999,,,1,0,1,50,146.12,100.76,1.1,,,,,,,600,0,0
20-Jun-24 19:08:42:136,DRUPLUS999,,,0,0,1,50,146.48,100.94,1.1,,,,,,,600,0,0
20-Jun-24 19:08:44:136,DRUPLUS999,,,1,0,1,50,146.84,101.12,1.1,,,,,,,600,0,0
20-Jun-24 19:08:46:137,DRUPLUS999,,,0,0,1,50,147.2,101.3,1.1,,,,,,,600,0,0
20-Jun-24 19:08:48:137,DRUPLUS999,,,1,0,1,50,147.56,101.48,1.1,,,,,,,600,0,0
20-Jun-24 19:08:50:137,DRUPLUS999,,,0,0,1,50,147.92,101.66,1.1,,,,,,,600,0,0
20-Jun-24 19:08:52:137,DRUPLUS999,,,1,0,1,50,148.28,102.02,1.1,,,,,,,600,0,0
20-Jun-24 19:08:54:137,DRUPLUS999,,,0,0,1,50,148.64,102.2,1.1,,,,,,,600,0,0
20-Jun-24 19:08:56:138,DRUPLUS999,,,1,0,1,50,149,102.38,1.1,,,,,,,600,0,0
20-Jun-24 19:08:58:138,DRUPLUS999,,,0,0,1,50,149.36,102.56,1.1,,,,,,,600,0,0
20-Jun-24 19:09:00:138,DRUPLUS999,,,1,0,1,50,149.72,102.74,1.1,,,,,,,600,0,0
20-Jun-24 19:09:02:138,DRUPLUS999,,,0,0,1,50,150.08,102.92,1.1,,,,,,,600,0,0
20-Jun-24 19:09:04:138,DRUPLUS999,,,1,0,1,50,150.44,103.28,1.1,,,,,,,600,0,0
20-Jun-24 19:09:06:139,DRUPLUS999,,,0,0,1,50,150.62,103.46,1.1,,,,,,,600,0,0
20-Jun-24 19:09:08:139,DRUPLUS999,,,1,0,1,50,151.16,103.64,1.1,,,,,,,600,0,0
20-Jun-24 19:09:10:139,DRUPLUS999,,,0,0,1,50,151.34,103.82,1.1,,,,,,,600,0,0
20-Jun-24 19:09:12:140,DRUPLUS999,,,1,0,1,50,151.7,104.18,1.1,,,,,,,600,0,0
20-Jun-24 19:09:14:140,DRUPLUS999,,,0,0,1,50,152.06,104.36,1.1,,,,,,,600,0,0
20-Jun-24 19:09:16:141,DRUPLUS999,,,1,0,1,50,152.24,104.54,1.1,,,,,,,600,0,0
20-Jun-24 19:09:18:142,DRUPLUS999,,,0,0,1,50,152.6,104.72,1.1,,,,,,,600,0,0
20-Jun-24 19:09:20:142,DRUPLUS999,,,1,0,1,50,152.96,104.9,1.1,,,,,,,600,0,0
20-Jun-24 19:09:22:142,DRUPLUS999,,,0,0,1,50,153.32,105.08,1.1,,,,,,,600,0,0
20-Jun-24 19:09:24:142,DRUPLUS999,,,1,0,1,50,153.68,105.44,1.1,,,,,,,600,0,0
20-Jun-24 19:09:26:142,DRUPLUS999,,,0,0,1,50,154.04,105.44,1.1,,,,,,,600,0,0
20-Jun-24 19:09:28:142,DRUPLUS999,,,1,0,1,50,154.22,105.8,1.1,,,,,,,600,0,0
20-Jun-24 19:09:30:142,DRUPLUS999,,,0,0,1,50,154.58,105.98,1.1,,,,,,,600,0,0
20-Jun-24 19:09:32:144,DRUPLUS999,,,1,0,1,50,154.94,106.16,1.1,,,,,,,600,0,0
20-Jun-24 19:09:34:144,DRUPLUS999,,,0,0,1,50,155.3,106.34,1.1,,,,,,,600,0,0
20-Jun-24 19:09:36:145,DRUPLUS999,,,1,0,1,50,155.48,106.52,1.1,,,,,,,600,0,0
20-Jun-24 19:09:38:145,DRUPLUS999,,,0,0,1,50,155.84,106.88,1.1,,,,,,,600,0,0
20-Jun-24 19:09:40:145,DRUPLUS999,,,1,0,1,50,156.02,107.06,1.1,,,,,,,600,0,0
20-Jun-24 19:09:42:145,DRUPLUS999,,,0,0,1,50,156.38,107.24,1.1,,,,,,,600,0,0
20-Jun-24 19:09:44:147,DRUPLUS999,,,1,0,1,50,156.74,107.6,1.1,,,,,,,600,0,0
20-Jun-24 19:09:46:146,DRUPLUS999,,,0,0,1,50,157.1,107.78,1.1,,,,,,,600,0,0
20-Jun-24 19:09:48:146,DRUPLUS999,,,1,0,1,50,157.28,107.96,1.1,,,,,,,600,0,0
20-Jun-24 19:09:50:147,DRUPLUS999,,,0,0,1,50,157.46,108.14,1.1,,,,,,,600,0,0
20-Jun-24 19:09:52:146,DRUPLUS999,,,1,0,1,50,157.82,108.32,1.1,,,,,,,600,0,0
20-Jun-24 19:09:54:146,DRUPLUS999,,,0,0,1,50,158.18,108.68,1.1,,,,,,,600,0,0
20-Jun-24 19:09:56:148,DRUPLUS999,,,1,0,1,50,158.54,108.86,1.1,,,,,,,600,0,0
20-Jun-24 19:09:58:147,DRUPLUS999,,,0,0,1,50,158.72,108.86,1.1,,,,,,,600,0,0
20-Jun-24 19:10:00:147,DRUPLUS999,,,1,0,1,50,159.08,109.22,1.1,,,,,,,600,0,0
20-Jun-24 19:10:02:148,DRUPLUS999,,,0,0,1,50,159.26,109.22,1.1,,,,,,,600,0,0
20-Jun-24 19:10:04:148,DRUPLUS999,,,1,0,1,50,159.62,109.4,1.1,,,,,,,600,0,0
20-Jun-24 19:10:06:149,DRUPLUS999,,,0,0,1,50,159.8,109.76,1.1,,,,,,,600,0,0
20-Jun-24 19:10:08:148,DRUPLUS999,,,1,0,1,50,160.16,109.94,1.1,,,,,,,600,0,0
20-Jun-24 19:10:10:148,DRUPLUS999,,,0,0,1,50,160.34,110.12,1.1,,,,,,,600,0,0
20-Jun-24 19:10:12:148,DRUPLUS999,,,1,0,1,50,160.7,110.48,1.1,,,,,,,600,0,0
20-Jun-24 19:10:14:148,DRUPLUS999,,,0,0,1,50,160.88,110.48,1.1,,,,,,,600,0,0
20-Jun-24 19:10:16:149,DRUPLUS999,,,1,0,1,50,161.24,110.84,1.1,,,,,,,600,0,0
20-Jun-24 19:10:18:149,DRUPLUS999,,,0,0,1,50,161.42,111.02,1.1,,,,,,,600,0,0
20-Jun-24 19:10:20:149,DRUPLUS999,,,1,0,1,50,161.78,111.38,1.1,,,,,,,600,0,0
20-Jun-24 19:10:22:149,DRUPLUS999,,,0,0,1,50,161.96,111.56,1.1,,,,,,,600,0,0
20-Jun-24 19:10:24:149,DRUPLUS999,,,1,0,1,50,162.14,111.92,1.1,,,,,,,600,0,0
20-Jun-24 19:10:26:149,DRUPLUS999,,,0,0,1,50,162.5,112.1,1.1,,,,,,,600,0,0
20-Jun-24 19:10:28:150,DRUPLUS999,,,1,0,1,50,162.68,112.28,1.1,,,,,,,600,0,0
20-Jun-24 19:10:30:150,DRUPLUS999,,,0,0,1,50,163.04,112.46,1.1,,,,,,,600,0,0
20-Jun-24 19:10:32:150,DRUPLUS999,,,1,0,1,50,163.22,112.64,1.1,,,,,,,600,0,0
20-Jun-24 19:10:34:150,DRUPLUS999,,,0,0,1,50,163.58,112.82,1.1,,,,,,,600,0,0
20-Jun-24 19:10:36:150,DRUPLUS999,,,1,0,1,50,163.76,113,1.1,,,,,,,600,0,0
20-Jun-24 19:10:38:150,DRUPLUS999,,,0,0,1,50,163.94,113.18,1.1,,,,,,,600,0,0
20-Jun-24 19:10:40:150,DRUPLUS999,,,1,0,1,50,164.12,113.36,1.1,,,,,,,600,0,0
20-Jun-24 19:10:42:151,DRUPLUS999,,,0,0,1,50,164.48,113.54,1.1,,,,,,,600,0,0
20-Jun-24 19:10:44:151,DRUPLUS999,,,1,0,1,50,164.66,113.9,1.1,,,,,,,600,0,0
20-Jun-24 19:10:46:151,DRUPLUS999,,,0,0,1,50,165.02,114.08,1.1,,,,,,,600,0,0
20-Jun-24 19:10:48:152,DRUPLUS999,,,1,0,1,50,165.2,114.44,1.1,,,,,,,600,0,0
20-Jun-24 19:10:50:152,DRUPLUS999,,,0,0,1,50,165.38,114.44,1.1,,,,,,,600,0,0
20-Jun-24 19:10:52:152,DRUPLUS999,,,1,0,1,50,165.74,114.8,1.1,,,,,,,600,0,0
20-Jun-24 19:10:54:152,DRUPLUS999,,,0,0,1,50,165.92,114.98,1.1,,,,,,,600,0,0
20-Jun-24 19:10:56:153,DRUPLUS999,,,1,0,1,50,166.1,115.16,1.1,,,,,,,600,0,0
20-Jun-24 19:10:58:155,DRUPLUS999,,,0,0,1,50,166.28,115.34,1.1,,,,,,,600,0,0
20-Jun-24 19:11:00:154,DRUPLUS999,,,1,0,1,50,166.64,115.52,1.1,,,,,,,600,0,0
20-Jun-24 19:11:02:154,DRUPLUS999,,,0,0,1,50,166.82,115.7,1.1,,,,,,,600,0,0
20-Jun-24 19:11:04:154,DRUPLUS999,,,1,0,1,50,167,116.06,1.1,,,,,,,600,0,0
20-Jun-24 19:11:06:154,DRUPLUS999,,,0,0,1,50,167.18,116.24,1.1,,,,,,,600,0,0
20-Jun-24 19:11:08:154,DRUPLUS999,,,1,0,1,50,167.54,116.6,1.1,,,,,,,600,0,0
20-Jun-24 19:11:10:154,DRUPLUS999,,,0,0,1,50,167.72,116.78,1.1,,,,,,,600,0,0
20-Jun-24 19:11:12:155,DRUPLUS999,,,1,0,1,50,168.08,116.96,1.1,,,,,,,600,0,0
20-Jun-24 19:11:14:154,DRUPLUS999,,,0,0,1,50,168.26,117.14,1.1,,,,,,,600,0,0
20-Jun-24 19:11:16:154,DRUPLUS999,,,1,0,1,50,168.44,117.32,1.1,,,,,,,600,0,0
20-Jun-24 19:11:18:154,DRUPLUS999,,,0,0,1,50,168.62,117.5,1.1,,,,,,,600,0,0
20-Jun-24 19:11:20:155,DRUPLUS999,,,1,0,1,50,168.98,117.68,1.1,,,,,,,600,0,0
20-Jun-24 19:11:22:155,DRUPLUS999,,,0,0,1,50,169.16,118.04,1.1,,,,,,,600,0,0
20-Jun-24 19:11:24:155,DRUPLUS999,,,1,0,1,50,169.34,118.22,1.1,,,,,,,600,0,0
20-Jun-24 19:11:26:155,DRUPLUS999,,,0,0,1,50,169.52,118.4,1.1,,,,,,,600,0,0
20-Jun-24 19:11:28:155,DRUPLUS999,,,1,0,1,50,169.7,118.76,1.1,,,,,,,600,0,0
20-Jun-24 19:11:30:155,DRUPLUS999,,,0,0,1,50,170.06,118.94,1.1,,,,,,,600,0,0
20-Jun-24 19:11:32:155,DRUPLUS999,,,1,0,1,0,170.24,118.94,1.1,,,,,,,600,0,0
20-Jun-24 19:11:34:155,DRUPLUS999,,,0,0,1,0,170.42,119.3,1.1,,,,,,,600,0,0
20-Jun-24 19:11:36:157,DRUPLUS999,,,0,0,1,0,170.78,119.48,1.1,,,,,,,600,0,0
20-Jun-24 19:11:38:161,DRUPLUS999,,,0,0,1,0,170.96,119.66,1.1,,,,,,,600,0,0
20-Jun-24 19:11:40:160,DRUPLUS999,,,0,0,1,0,171.14,119.84,1.1,,,,,,,600,0,0
20-Jun-24 19:11:42:160,DRUPLUS999,,,0,0,1,0,171.5,120.02,1.1,,,,,,,600,0,0
20-Jun-24 19:11:44:160,DRUPLUS999,,,0,0,1,0,171.68,120.38,1.1,,,,,,,600,0,0
20-Jun-24 19:11:46:160,DRUPLUS999,,,0,0,1,0,171.86,120.56,1.1,,,,,,,600,0,0
20-Jun-24 19:11:48:161,DRUPLUS999,,,0,0,1,0,172.04,120.56,1.1,,,,,,,600,0,0
20-Jun-24 19:11:50:161,DRUPLUS999,,,0,0,1,0,172.22,120.92,1.1,,,,,,,600,0,0
20-Jun-24 19:11:52:161,DRUPLUS999,,,0,0,1,0,172.4,121.1,1.1,,,,,,,600,0,0
20-Jun-24 19:11:54:161,DRUPLUS999,,,0,0,1,0,172.4,121.28,1.1,,,,,,,600,0,0
20-Jun-24 19:11:56:161,DRUPLUS999,,,0,0,1,0,172.58,121.46,1.1,,,,,,,600,0,0
20-Jun-24 19:11:58:161,DRUPLUS999,,,0,0,1,0,172.58,121.64,1.1,,,,,,,600,0,0
20-Jun-24 19:12:00:161,DRUPLUS999,,,0,0,1,0,172.58,121.82,1.1,,,,,,,600,0,0
20-Jun-24 19:12:02:161,DRUPLUS999,,,0,0,1,0,172.58,122,1.1,,,,,,,600,0,0
20-Jun-24 19:12:04:162,DRUPLUS999,,,0,0,1,0,172.4,122.18,1.1,,,,,,,600,0,0
20-Jun-24 19:12:06:162,DRUPLUS999,,,0,0,1,0,172.4,122.36,1.1,,,,,,,600,0,0
20-Jun-24 19:12:08:162,DRUPLUS999,,,0,0,1,0,172.04,122.54,1.1,,,,,,,600,0,0
20-Jun-24 19:12:10:162,DRUPLUS999,,,0,0,1,0,172.04,122.72,1.1,,,,,,,600,0,0
20-Jun-24 19:12:12:164,DRUPLUS999,,,0,0,1,0,171.68,122.9,1.1,,,,,,,600,0,0
20-Jun-24 19:12:14:163,DRUPLUS999,,,0,0,1,0,171.5,123.08,1.1,,,,,,,600,0,0
20-Jun-24 19:12:16:163,DRUPLUS999,,,0,0,1,0,171.14,123.26,1.1,,,,,,,600,0,0
20-Jun-24 19:12:18:163,DRUPLUS999,,,0,0,1,0,170.96,123.44,1.1,,,,,,,600,0,0
20-Jun-24 19:12:20:163,DRUPLUS999,,,0,0,1,0,170.42,123.62,1.1,,,,,,,600,0,0
20-Jun-24 19:12:22:163,DRUPLUS999,,,0,0,1,0,170.24,123.8,1.1,,,,,,,600,0,0
20-Jun-24 19:12:24:163,DRUPLUS999,,,0,0,1,0,169.7,123.8,1.1,,,,,,,600,0,0
20-Jun-24 19:12:26:163,DRUPLUS999,,,0,0,1,0,169.34,123.98,1.1,,,,,,,600,0,0
20-Jun-24 19:12:28:164,DRUPLUS999,,,0,0,1,0,168.98,123.98,1,,,,,,,600,0,0
20-Jun-24 19:12:30:164,DRUPLUS999,,,0,0,1,0,168.62,124.16,1.1,,,,,,,600,0,0
20-Jun-24 19:12:32:163,DRUPLUS999,,,0,0,1,0,168.26,124.34,1.1,,,,,,,600,0,0
20-Jun-24 19:12:34:164,DRUPLUS999,,,0,0,1,0,167.72,124.52,1.1,,,,,,,600,0,0
20-Jun-24 19:12:36:165,DRUPLUS999,,,0,0,1,0,167.36,124.7,1.1,,,,,,,600,0,0
20-Jun-24 19:12:38:165,DRUPLUS999,,,0,0,1,0,166.82,124.7,1.1,,,,,,,600,0,0
20-Jun-24 19:12:40:165,DRUPLUS999,,,0,0,1,0,166.46,124.88,1.1,,,,,,,600,0,0
20-Jun-24 19:12:42:165,DRUPLUS999,,,0,0,1,0,165.92,125.06,1.1,,,,,,,600,0,0
20-Jun-24 19:12:44:165,DRUPLUS999,,,0,0,1,0,165.56,125.24,1.1,,,,,,,600,0,0
20-Jun-24 19:12:46:168,DRUPLUS999,,,0,0,1,0,164.84,125.24,1.1,,,,,,,600,0,0
20-Jun-24 19:12:48:168,DRUPLUS999,,,0,0,1,0,164.48,125.42,1.1,,,,,,,600,0,0
20-Jun-24 19:12:50:167,DRUPLUS999,,,0,0,1,0,163.94,125.42,1.1,,,,,,,600,0,0
20-Jun-24 19:12:52:167,DRUPLUS999,,,0,0,1,0,163.58,125.6,1.1,,,,,,,600,0,0
20-Jun-24 19:12:54:167,DRUPLUS999,,,0,0,1,0,163.04,125.78,1.1,,,,,,,600,0,0
20-Jun-24 19:12:56:167,DRUPLUS999,,,0,0,1,0,162.5,125.78,1.1,,,,,,,600,0,0
20-Jun-24 19:12:58:168,DRUPLUS999,,,0,0,1,0,161.96,125.96,1.1,,,,,,,600,0,0
20-Jun-24 19:13:00:168,DRUPLUS999,,,0,0,1,0,161.6,125.96,1.1,,,,,,,600,0,0
20-Jun-24 19:13:02:168,DRUPLUS999,,,0,0,1,0,161.06,126.14,1.1,,,,,,,600,0,0
20-Jun-24 19:13:04:168,DRUPLUS999,,,0,0,1,0,160.7,126.14,1.1,,,,,,,600,0,0
20-Jun-24 19:13:06:168,DRUPLUS999,,,0,0,1,0,160.34,126.32,1,,,,,,,600,0,0
20-Jun-24 19:13:08:169,DRUPLUS999,,,0,0,1,0,159.8,126.32,1.1,,,,,,,600,0,0
20-Jun-24 19:13:10:168,DRUPLUS999,,,0,0,1,0,159.26,126.32,1.1,,,,,,,600,0,0
20-Jun-24 19:13:12:168,DRUPLUS999,,,0,0,1,0,158.72,126.5,1.1,,,,,,,600,0,0
20-Jun-24 19:13:14:168,DRUPLUS999,,,0,0,1,0,158.36,126.68,1.1,,,,,,,600,0,0
20-Jun-24 19:13:16:169,DRUPLUS999,,,0,0,1,0,157.82,126.68,1.1,,,,,,,600,0,0
20-Jun-24 19:13:18:169,DRUPLUS999,,,0,0,1,0,157.46,126.68,1.1,,,,,,,600,0,0
20-Jun-24 19:13:20:170,DRUPLUS999,,,0,0,1,0,156.92,126.86,1.1,,,,,,,600,0,0
20-Jun-24 19:13:22:170,DRUPLUS999,,,0,0,1,0,156.56,126.86,1.1,,,,,,,600,0,0
20-Jun-24 19:13:24:171,DRUPLUS999,,,0,0,1,0,156.02,127.04,1.1,,,,,,,600,0,0
20-Jun-24 19:13:26:171,DRUPLUS999,,,0,0,1,0,155.66,127.04,1.1,,,,,,,600,0,0
20-Jun-24 19:13:28:171,DRUPLUS999,,,0,0,1,0,155.3,127.04,1.1,,,,,,,600,0,0
20-Jun-24 19:13:30:171,DRUPLUS999,,,0,0,1,0,154.94,127.04,1.1,,,,,,,600,0,0
20-Jun-24 19:13:32:171,DRUPLUS999,,,0,0,1,0,154.4,127.04,1.1,,,,,,,600,0,0
20-Jun-24 19:13:34:171,DRUPLUS999,,,0,0,1,0,154.04,127.22,1.1,,,,,,,600,0,0
20-Jun-24 19:13:36:171,DRUPLUS999,,,0,0,1,0,153.68,127.22,1.1,,,,,,,600,0,0
20-Jun-24 19:13:38:171,DRUPLUS999,,,0,0,1,0,153.32,127.4,1.1,,,,,,,600,0,0
20-Jun-24 19:13:40:172,DRUPLUS999,,,0,0,1,0,152.96,127.4,1.1,,,,,,,600,0,0
20-Jun-24 19:13:42:171,DRUPLUS999,,,0,0,1,0,152.42,127.4,1.1,,,,,,,600,0,0
20-Jun-24 19:13:44:171,DRUPLUS999,,,0,0,1,0,152.06,127.58,1.1,,,,,,,600,0,0
20-Jun-24 19:13:46:171,DRUPLUS999,,,0,0,1,0,151.7,127.58,1.1,,,,,,,600,0,0
20-Jun-24 19:13:48:171,DRUPLUS999,,,0,0,1,0,151.34,127.58,1.1,,,,,,,600,0,0
20-Jun-24 19:13:50:172,DRUPLUS999,,,0,0,1,0,150.98,127.76,1.1,,,,,,,600,0,0
20-Jun-24 19:13:52:172,DRUPLUS999,,,0,0,1,0,150.62,127.76,1.1,,,,,,,600,0,0
20-Jun-24 19:13:54:172,DRUPLUS999,,,0,0,1,0,150.26,127.76,1.1,,,,,,,600,0,0
20-Jun-24 19:13:56:172,DRUPLUS999,,,0,0,1,0,149.9,127.94,1.1,,,,,,,600,0,0
20-Jun-24 19:13:58:173,DRUPLUS999,,,0,0,1,0,149.54,127.94,1.1,,,,,,,600,0,0
20-Jun-24 19:14:00:173,DRUPLUS999,,,0,0,1,0,149.18,127.94,1.1,,,,,,,600,0,0
20-Jun-24 19:14:02:173,DRUPLUS999,,,0,0,1,0,148.82,127.94,1.1,,,,,,,600,0,0
20-Jun-24 19:14:04:174,DRUPLUS999,,,0,0,1,0,148.64,127.94,1.1,,,,,,,600,0,0
20-Jun-24 19:14:06:173,DRUPLUS999,,,0,0,1,0,148.1,127.94,1,,,,,,,600,0,0
20-Jun-24 19:14:08:173,DRUPLUS999,,,0,0,1,0,147.92,127.94,1.1,,,,,,,600,0,0
20-Jun-24 19:14:10:173,DRUPLUS999,,,0,0,1,0,147.56,127.94,1.1,,,,,,,600,0,0
20-Jun-24 19:14:12:173,DRUPLUS999,,,0,0,1,0,147.2,127.94,1.1,,,,,,,600,0,0
20-Jun-24 19:14:14:173,DRUPLUS999,,,0,0,1,0,147.02,128.12,1.1,,,,,,,600,0,0
20-Jun-24 19:14:16:173,DRUPLUS999,,,0,0,1,0,146.66,128.12,1.1,,,,,,,600,0,0
20-Jun-24 19:14:18:173,DRUPLUS999,,,0,0,1,0,146.48,128.12,1.1,,,,,,,600,0,0
20-Jun-24 19:14:20:173,DRUPLUS999,,,0,0,1,0,146.12,128.12,1.1,,,,,,,600,0,0
20-Jun-24 19:14:22:173,DRUPLUS999,,,0,0,1,0,145.76,128.12,1.1,,,,,,,600,0,0
20-Jun-24 19:14:24:173,DRUPLUS999,,,0,0,1,0,145.4,128.12,1.1,,,,,,,600,0,0
20-Jun-24 19:14:26:173,DRUPLUS999,,,0,0,1,0,145.22,128.12,1.1,,,,,,,600,0,0
20-Jun-24 19:14:28:173,DRUPLUS999,,,0,0,1,0,144.86,128.3,1.1,,,,,,,600,0,0
20-Jun-24 19:14:30:173,DRUPLUS999,,,0,0,1,0,144.68,128.3,1.1,,,,,,,600,0,0
20-Jun-24 19:14:32:173,DRUPLUS999,,,0,0,1,0,144.32,128.3,1.1,,,,,,,600,0,0
20-Jun-24 19:14:34:174,DRUPLUS999,,,0,0,1,0,144.14,128.3,1.1,,,,,,,600,0,0
20-Jun-24 19:14:36:174,DRUPLUS999,,,0,0,1,0,143.78,128.3,1.1,,,,,,,600,0,0
20-Jun-24 19:14:38:174,DRUPLUS999,,,0,0,1,0,143.78,128.3,1.1,,,,,,,600,0,0
20-Jun-24 19:14:40:174,DRUPLUS999,,,0,0,1,0,143.42,128.48,1.1,,,,,,,600,0,0
20-Jun-24 19:14:42:175,DRUPLUS999,,,0,0,1,0,143.24,128.3,1.1,,,,,,,600,0,0
20-Jun-24 19:14:44:175,DRUPLUS999,,,0,0,1,0,143.06,128.48,1.1,,,,,,,600,0,0
20-Jun-24 19:14:46:175,DRUPLUS999,,,0,0,1,0,142.7,128.48,1.1,,,,,,,600,0,0
20-Jun-24 19:14:48:176,DRUPLUS999,,,0,0,1,0,142.52,128.48,1.1,,,,,,,600,0,0
20-Jun-24 19:14:50:177,DRUPLUS999,,,0,0,1,0,142.16,128.48,1.1,,,,,,,600,0,0
20-Jun-24 19:14:52:176,DRUPLUS999,,,0,0,1,0,141.98,128.48,1.1,,,,,,,600,0,0
20-Jun-24 19:14:54:180,DRUPLUS999,,,0,0,1,0,141.8,128.66,1.1,,,,,,,600,0,0
20-Jun-24 19:14:56:178,DRUPLUS999,,,0,0,1,0,141.62,128.66,1.1,,,,,,,600,0,0
20-Jun-24 19:14:58:179,DRUPLUS999,,,0,0,1,0,141.44,128.48,1.1,,,,,,,600,0,0
20-Jun-24 19:15:00:179,DRUPLUS999,,,0,0,1,0,141.08,128.66,1.1,,,,,,,600,0,0
20-Jun-24 19:15:02:179,DRUPLUS999,,,0,0,1,0,140.9,128.66,1.1,,,,,,,600,0,0
20-Jun-24 19:15:04:179,DRUPLUS999,,,0,0,1,0,140.72,128.66,1.1,,,,,,,600,0,0
20-Jun-24 19:15:06:179,DRUPLUS999,,,0,0,1,0,140.54,128.66,1.1,,,,,,,600,0,0
20-Jun-24 19:15:08:180,DRUPLUS999,,,0,0,1,0,140.36,128.66,1,,,,,,,600,0,0
20-Jun-24 19:15:10:180,DRUPLUS999,,,0,0,1,0,140.18,128.66,1.1,,,,,,,600,0,0
20-Jun-24 19:15:12:182,DRUPLUS999,,,0,0,1,0,140,128.66,1.1,,,,,,,600,0,0
20-Jun-24 19:15:14:183,DRUPLUS999,,,0,0,1,0,139.82,128.66,1.1,,,,,,,600,0,0
20-Jun-24 19:15:16:183,DRUPLUS999,,,0,0,1,0,139.64,128.66,1.1,,,,,,,600,0,0
20-Jun-24 19:15:18:183,DRUPLUS999,,,0,0,1,0,139.46,128.66,1.1,,,,,,,600,0,0
20-Jun-24 19:15:20:185,DRUPLUS999,,,0,0,1,0,139.28,128.66,1.1,,,,,,,600,0,0
20-Jun-24 19:15:22:185,DRUPLUS999,,,0,0,1,0,139.1,128.66,1.1,,,,,,,600,0,0
20-Jun-24 19:15:24:188,DRUPLUS999,,,0,0,1,0,138.92,128.66,1.1,,,,,,,600,0,0
20-Jun-24 19:15:26:185,DRUPLUS999,,,0,0,1,0,138.74,128.66,1.1,,,,,,,600,0,0
20-Jun-24 19:15:28:186,DRUPLUS999,,,0,0,1,0,138.56,128.66,1.1,,,,,,,600,0,0
20-Jun-24 19:15:30:190,DRUPLUS999,,,0,0,1,0,138.38,128.66,1,,,,,,,600,0,0
20-Jun-24 19:15:32:187,DRUPLUS999,,,0,0,1,0,138.2,128.66,1.1,,,,,,,600,0,0
20-Jun-24 19:15:34:188,DRUPLUS999,,,0,0,1,0,138.02,128.66,1.1,,,,,,,600,0,0
20-Jun-24 19:15:36:188,DRUPLUS999,,,0,0,1,0,137.84,128.66,1.1,,,,,,,600,0,0
20-Jun-24 19:15:38:187,DRUPLUS999,,,0,0,1,0,137.84,128.66,1.1,,,,,,,600,0,0
20-Jun-24 19:15:40:187,DRUPLUS999,,,0,0,1,0,137.66,128.66,1.1,,,,,,,600,0,0
20-Jun-24 19:15:42:193,DRUPLUS999,,,0,0,1,0,137.48,128.66,1.1,,,,,,,600,0,0
20-Jun-24 19:15:44:191,DRUPLUS999,,,0,0,1,0,137.3,128.66,1.1,,,,,,,600,0,0
20-Jun-24 19:15:46:191,DRUPLUS999,,,0,0,1,0,137.12,128.66,1.1,,,,,,,600,0,0
20-Jun-24 19:15:48:190,DRUPLUS999,,,0,0,1,0,136.94,128.66,1.1,,,,,,,600,0,0
20-Jun-24 19:15:50:191,DRUPLUS999,,,0,0,1,0,136.94,128.66,1.1,,,,,,,600,0,0
20-Jun-24 19:15:52:191,DRUPLUS999,,,0,0,1,0,136.76,128.66,1.1,,,,,,,600,0,0
20-Jun-24 19:15:54:191,DRUPLUS999,,,0,0,1,0,136.58,128.66,1.1,,,,,,,600,0,0
20-Jun-24 19:15:56:192,DRUPLUS999,,,0,0,1,0,136.4,128.66,1.1,,,,,,,600,0,0
20-Jun-24 19:15:58:194,DRUPLUS999,,,0,0,1,0,136.4,128.48,1.1,,,,,,,600,0,0
20-Jun-24 19:16:00:193,DRUPLUS999,,,0,0,1,0,136.22,128.48,1.1,,,,,,,600,0,0
20-Jun-24 19:16:02:196,DRUPLUS999,,,0,0,1,0,136.04,128.48,1.1,,,,,,,600,0,0
20-Jun-24 19:16:04:192,DRUPLUS999,,,0,0,1,0,135.86,128.66,1.1,,,,,,,600,0,0
20-Jun-24 19:16:06:195,DRUPLUS999,,,0,0,1,0,135.86,128.66,1.1,,,,,,,600,0,0
20-Jun-24 19:16:08:194,DRUPLUS999,,,0,0,1,0,135.68,128.66,1.1,,,,,,,600,0,0
20-Jun-24 19:16:10:194,DRUPLUS999,,,0,0,1,0,135.5,128.66,1.1,,,,,,,600,0,0
20-Jun-24 19:16:12:194,DRUPLUS999,,,0,0,1,0,135.5,128.66,1.1,,,,,,,600,0,0
20-Jun-24 19:16:14:195,DRUPLUS999,,,0,0,1,0,135.32,128.66,1.1,,,,,,,600,0,0
20-Jun-24 19:16:16:193,DRUPLUS999,,,0,0,1,0,135.14,128.66,1.1,,,,,,,600,0,0
20-Jun-24 19:16:18:193,DRUPLUS999,,,0,0,1,0,135.14,128.66,1,,,,,,,600,0,0
20-Jun-24 19:16:20:195,DRUPLUS999,,,0,0,1,0,134.96,128.66,1.1,,,,,,,600,0,0
20-Jun-24 19:16:22:194,DRUPLUS999,,,0,0,1,0,134.78,128.66,1.1,,,,,,,600,0,0
20-Jun-24 19:16:24:195,DRUPLUS999,,,0,0,1,0,134.78,128.66,1.1,,,,,,,600,0,0
20-Jun-24 19:16:26:196,DRUPLUS999,,,0,0,1,0,134.6,128.66,1.1,,,,,,,600,0,0
20-Jun-24 19:16:28:197,DRUPLUS999,,,0,0,1,0,134.6,128.48,1.1,,,,,,,600,0,0
20-Jun-24 19:16:30:196,DRUPLUS999,,,0,0,1,0,134.42,128.48,1,,,,,,,600,0,0
20-Jun-24 19:16:32:197,DRUPLUS999,,,0,0,1,0,134.42,128.48,1.1,,,,,,,600,0,0
20-Jun-24 19:16:34:197,DRUPLUS999,,,0,0,1,0,134.24,128.48,1.1,,,,,,,600,0,0
20-Jun-24 19:16:36:198,DRUPLUS999,,,0,0,1,0,134.06,128.48,1.1,,,,,,,600,0,0
20-Jun-24 19:16:38:198,DRUPLUS999,,,0,0,1,0,134.06,128.48,1.1,,,,,,,600,0,0
20-Jun-24 19:16:40:200,DRUPLUS999,,,0,0,1,0,133.88,128.48,1.1,,,,,,,600,0,0
20-Jun-24 19:16:42:198,DRUPLUS999,,,0,0,1,0,133.88,128.48,1.1,,,,,,,600,0,0
20-Jun-24 19:16:44:198,DRUPLUS999,,,0,0,1,0,133.7,128.48,1.1,,,,,,,600,0,0
20-Jun-24 19:16:46:198,DRUPLUS999,,,0,0,1,0,133.7,128.48,1.1,,,,,,,600,0,0
20-Jun-24 19:16:48:198,DRUPLUS999,,,0,0,1,0,133.52,128.48,1.1,,,,,,,600,0,0
20-Jun-24 19:16:50:200,DRUPLUS999,,,0,0,1,0,133.52,128.48,1,,,,,,,600,0,0
20-Jun-24 19:16:52:200,DRUPLUS999,,,0,0,1,0,133.34,128.48,1.1,,,,,,,600,0,0
20-Jun-24 19:16:54:201,DRUPLUS999,,,0,0,1,0,133.34,128.48,1.1,,,,,,,600,0,0
20-Jun-24 19:16:56:200,DRUPLUS999,,,0,0,1,0,133.16,128.3,1.1,,,,,,,600,0,0
20-Jun-24 19:16:58:200,DRUPLUS999,,,0,0,1,0,133.16,128.48,1.1,,,,,,,600,0,0
20-Jun-24 19:17:00:200,DRUPLUS999,,,0,0,1,0,132.98,128.48,1.1,,,,,,,600,0,0
20-Jun-24 19:17:02:200,DRUPLUS999,,,0,0,1,0,132.98,128.3,1.1,,,,,,,600,0,0
20-Jun-24 19:17:04:201,DRUPLUS999,,,0,0,1,0,132.8,128.48,1,,,,,,,600,0,0
20-Jun-24 19:17:06:200,DRUPLUS999,,,0,0,1,0,132.8,128.48,1,,,,,,,600,0,0
20-Jun-24 19:17:08:200,DRUPLUS999,,,0,0,1,0,132.62,128.3,1.1,,,,,,,600,0,0
20-Jun-24 19:17:10:200,DRUPLUS999,,,0,0,1,0,132.62,128.3,1.1,,,,,,,600,0,0
20-Jun-24 19:17:12:201,DRUPLUS999,,,0,0,1,0,132.62,128.3,1.1,,,,,,,600,0,0
20-Jun-24 19:17:14:202,DRUPLUS999,,,0,0,1,0,132.44,128.3,1.1,,,,,,,600,0,0
20-Jun-24 19:17:16:202,DRUPLUS999,,,0,0,1,0,132.44,128.3,1.1,,,,,,,600,0,0
20-Jun-24 19:17:18:202,DRUPLUS999,,,0,0,1,0,132.26,128.48,1.1,,,,,,,600,0,0
20-Jun-24 19:17:20:202,DRUPLUS999,,,0,0,1,0,132.26,128.48,1.1,,,,,,,600,0,0
20-Jun-24 19:17:22:202,DRUPLUS999,,,0,0,1,0,132.26,128.3,1.1,,,,,,,600,0,0
20-Jun-24 19:17:24:202,DRUPLUS999,,,0,0,1,0,132.08,128.3,1,,,,,,,600,0,0
20-Jun-24 19:17:26:202,DRUPLUS999,,,0,0,1,0,132.08,128.3,1.1,,,,,,,600,0,0
20-Jun-24 19:17:28:202,DRUPLUS999,,,0,0,1,0,131.9,128.3,1.1,,,,,,,600,0,0
20-Jun-24 19:17:30:202,DRUPLUS999,,,0,0,1,0,131.9,128.3,1.1,,,,,,,600,0,0
20-Jun-24 19:17:32:203,DRUPLUS999,,,0,0,1,0,131.9,128.3,1.1,,,,,,,600,0,0
20-Jun-24 19:17:34:202,DRUPLUS999,,,0,0,1,0,131.72,128.3,1,,,,,,,600,0,0
20-Jun-24 19:17:36:202,DRUPLUS999,,,0,0,1,0,131.72,128.3,1.1,,,,,,,600,0,0
20-Jun-24 19:17:38:203,DRUPLUS999,,,0,0,1,0,131.72,128.3,1,,,,,,,600,0,0
20-Jun-24 19:17:40:203,DRUPLUS999,,,0,0,1,0,131.54,128.3,1.1,,,,,,,600,0,0
20-Jun-24 19:17:42:203,DRUPLUS999,,,0,0,1,0,131.54,128.3,1,,,,,,,600,0,0
20-Jun-24 19:17:44:203,DRUPLUS999,,,0,0,1,0,131.36,128.3,1,,,,,,,600,0,0
20-Jun-24 19:17:46:203,DRUPLUS999,,,0,0,1,0,131.36,128.3,1.1,,,,,,,600,0,0
20-Jun-24 19:17:48:204,DRUPLUS999,,,0,0,1,0,131.36,128.3,1.1,,,,,,,600,0,0
20-Jun-24 19:17:50:205,DRUPLUS999,,,0,0,1,0,131.18,128.3,1.1,,,,,,,600,0,0
20-Jun-24 19:17:52:204,DRUPLUS999,,,0,0,1,0,131.18,128.3,1.1,,,,,,,600,0,0
20-Jun-24 19:17:54:204,DRUPLUS999,,,0,0,1,0,131.18,128.12,1.1,,,,,,,600,0,0
20-Jun-24 19:17:56:205,DRUPLUS999,,,0,0,1,0,131,128.12,1.1,,,,,,,600,0,0
20-Jun-24 19:17:58:206,DRUPLUS999,,,0,0,1,0,131,128.3,1.1,,,,,,,600,0,0
20-Jun-24 19:18:00:206,DRUPLUS999,,,0,0,1,0,131,128.3,1.1,,,,,,,600,0,0
20-Jun-24 19:18:02:206,DRUPLUS999,,,0,0,1,0,130.82,128.12,1.1,,,,,,,600,0,0
20-Jun-24 19:18:04:206,DRUPLUS999,,,0,0,1,0,130.82,128.12,1.1,,,,,,,600,0,0
20-Jun-24 19:18:06:207,DRUPLUS999,,,0,0,1,0,130.82,128.12,1.1,,,,,,,600,0,0
20-Jun-24 19:18:08:207,DRUPLUS999,,,0,0,1,0,130.82,127.94,1,,,,,,,600,0,0
20-Jun-24 19:18:10:208,DRUPLUS999,,,0,0,1,0,130.64,127.94,1.1,,,,,,,600,0,0
20-Jun-24 19:18:12:207,DRUPLUS999,,,0,0,1,0,130.64,127.94,1.1,,,,,,,600,0,0
20-Jun-24 19:18:14:208,DRUPLUS999,,,0,0,1,0,130.64,128.12,1.1,,,,,,,600,0,0
20-Jun-24 19:18:16:208,DRUPLUS999,,,0,0,1,0,130.46,128.12,1.1,,,,,,,600,0,0
20-Jun-24 19:18:18:208,DRUPLUS999,,,0,0,1,0,130.46,128.12,1.1,,,,,,,600,0,0
20-Jun-24 19:18:20:208,DRUPLUS999,,,0,0,1,0,130.46,128.12,1.1,,,,,,,600,0,0
20-Jun-24 19:18:22:208,DRUPLUS999,,,0,0,1,0,130.46,128.12,1.1,,,,,,,600,0,0
20-Jun-24 19:18:24:208,DRUPLUS999,,,0,0,1,0,130.28,127.94,1.1,,,,,,,600,0,0
20-Jun-24 19:18:26:208,DRUPLUS999,,,0,0,1,0,130.28,127.94,1.1,,,,,,,600,0,0
20-Jun-24 19:18:28:208,DRUPLUS999,,,0,0,1,0,130.28,127.94,1.1,,,,,,,600,0,0
20-Jun-24 19:18:30:209,DRUPLUS999,,,0,0,1,0,130.1,127.94,1.1,,,,,,,600,0,0
20-Jun-24 19:18:32:208,DRUPLUS999,,,0,0,1,0,130.1,127.94,1.1,,,,,,,600,0,0
20-Jun-24 19:18:34:208,DRUPLUS999,,,0,0,1,0,130.1,127.94,1.1,,,,,,,600,0,0
20-Jun-24 19:18:36:209,DRUPLUS999,,,0,0,1,0,130.1,127.94,1.1,,,,,,,600,0,0
20-Jun-24 19:18:38:208,DRUPLUS999,,,0,0,1,0,129.92,127.76,1.1,,,,,,,600,0,0
20-Jun-24 19:18:40:209,DRUPLUS999,,,0,0,1,0,129.92,127.76,1,,,,,,,600,0,0
20-Jun-24 19:18:42:209,DRUPLUS999,,,0,0,1,0,129.92,127.76,1.1,,,,,,,600,0,0
20-Jun-24 19:18:44:208,DRUPLUS999,,,0,0,1,0,129.92,127.76,1.1,,,,,,,600,0,0
20-Jun-24 19:18:46:208,DRUPLUS999,,,0,0,1,0,129.74,127.76,1.1,,,,,,,600,0,0
20-Jun-24 19:18:48:208,DRUPLUS999,,,0,0,1,0,129.74,127.76,1.1,,,,,,,600,0,0
20-Jun-24 19:18:50:208,DRUPLUS999,,,0,0,1,0,129.74,127.76,1.1,,,,,,,600,0,0
20-Jun-24 19:18:52:209,DRUPLUS999,,,0,0,1,0,129.74,127.76,1.1,,,,,,,600,0,0
20-Jun-24 19:18:54:209,DRUPLUS999,,,0,0,1,0,129.56,127.94,1.1,,,,,,,600,0,0
20-Jun-24 19:18:56:210,DRUPLUS999,,,0,0,1,0,129.56,127.76,1.1,,,,,,,600,0,0
20-Jun-24 19:18:58:209,DRUPLUS999,,,0,0,1,0,129.56,127.76,1,,,,,,,600,0,0
20-Jun-24 19:19:00:209,DRUPLUS999,,,0,0,1,0,129.56,127.76,1.1,,,,,,,600,0,0
20-Jun-24 19:19:02:209,DRUPLUS999,,,0,0,1,0,129.56,127.76,1.1,,,,,,,600,0,0
20-Jun-24 19:19:04:209,DRUPLUS999,,,0,0,1,0,129.38,127.76,1.1,,,,,,,600,0,0
20-Jun-24 19:19:06:210,DRUPLUS999,,,0,0,1,0,129.38,127.76,1.1,,,,,,,600,0,0
20-Jun-24 19:19:08:209,DRUPLUS999,,,0,0,1,0,129.38,127.76,1.1,,,,,,,600,0,0
20-Jun-24 19:19:10:209,DRUPLUS999,,,0,0,1,0,129.38,127.76,1.1,,,,,,,600,0,0
20-Jun-24 19:19:12:209,DRUPLUS999,,,0,0,1,0,129.2,127.76,1.1,,,,,,,600,0,0
20-Jun-24 19:19:14:209,DRUPLUS999,,,0,0,1,0,129.2,127.76,1.1,,,,,,,600,0,0
20-Jun-24 19:19:16:209,DRUPLUS999,,,0,0,1,0,129.2,127.76,1.1,,,,,,,600,0,0
20-Jun-24 19:19:18:209,DRUPLUS999,,,0,0,1,0,129.2,127.76,1.1,,,,,,,600,0,0
20-Jun-24 19:19:20:209,DRUPLUS999,,,0,0,1,0,129.2,127.76,1,,,,,,,600,0,0
20-Jun-24 19:19:22:209,DRUPLUS999,,,0,0,1,0,129.02,127.58,1.1,,,,,,,600,0,0
20-Jun-24 19:19:24:209,DRUPLUS999,,,0,0,1,0,129.02,127.76,1.1,,,,,,,600,0,0
20-Jun-24 19:19:26:209,DRUPLUS999,,,0,0,1,0,129.02,127.76,1.1,,,,,,,600,0,0
20-Jun-24 19:19:28:208,DRUPLUS999,,,0,0,1,0,129.02,127.58,1,,,,,,,600,0,0
20-Jun-24 19:19:30:209,DRUPLUS999,,,0,0,1,0,129.02,127.58,1.1,,,,,,,600,0,0
20-Jun-24 19:19:32:209,DRUPLUS999,,,0,0,1,0,128.84,127.58,1,,,,,,,600,0,0
20-Jun-24 19:19:34:209,DRUPLUS999,,,0,0,1,0,128.84,127.58,1.1,,,,,,,600,0,0
20-Jun-24 19:19:36:209,DRUPLUS999,,,0,0,1,0,128.84,127.58,1.1,,,,,,,600,0,0
20-Jun-24 19:19:38:209,DRUPLUS999,,,0,0,1,0,128.84,127.4,1.1,,,,,,,600,0,0
20-Jun-24 19:19:40:210,DRUPLUS999,,,0,0,1,0,128.84,127.4,1.1,,,,,,,600,0,0
20-Jun-24 19:19:42:210,DRUPLUS999,,,0,0,1,0,128.66,127.4,1.1,,,,,,,600,0,0
20-Jun-24 19:19:44:210,DRUPLUS999,,,0,0,1,0,128.66,127.4,1.1,,,,,,,600,0,0
20-Jun-24 19:19:46:210,DRUPLUS999,,,0,0,1,0,128.66,127.4,1,,,,,,,600,0,0
20-Jun-24 19:19:48:209,DRUPLUS999,,,0,0,1,0,128.66,127.58,1,,,,,,,600,0,0
20-Jun-24 19:19:50:211,DRUPLUS999,,,0,0,1,0,128.66,127.4,1.1,,,,,,,600,0,0
20-Jun-24 19:19:52:210,DRUPLUS999,,,0,0,1,0,128.66,127.4,1,,,,,,,600,0,0
20-Jun-24 19:19:54:210,DRUPLUS999,,,0,0,1,0,128.48,127.4,1.1,,,,,,,600,0,0
20-Jun-24 19:19:56:210,DRUPLUS999,,,0,0,1,0,128.48,127.4,1.1,,,,,,,600,0,0
20-Jun-24 19:19:58:210,DRUPLUS999,,,0,0,1,0,128.48,127.4,1.1,,,,,,,600,0,0
20-Jun-24 19:20:00:211,DRUPLUS999,,,0,0,1,0,128.48,127.4,1.1,,,,,,,600,0,0
20-Jun-24 19:20:02:211,DRUPLUS999,,,0,0,1,0,128.48,127.22,1.1,,,,,,,600,0,0
20-Jun-24 19:20:04:211,DRUPLUS999,,,0,0,1,0,128.48,127.22,1.1,,,,,,,600,0,0
20-Jun-24 19:20:06:211,DRUPLUS999,,,0,0,1,0,128.3,127.22,1,,,,,,,600,0,0
20-Jun-24 19:20:08:211,DRUPLUS999,,,0,0,1,0,128.3,127.22,1.1,,,,,,,600,0,0
20-Jun-24 19:20:10:211,DRUPLUS999,,,0,0,1,0,128.3,127.22,1,,,,,,,600,0,0
20-Jun-24 19:20:12:213,DRUPLUS999,,,0,0,1,0,128.3,127.4,1.1,,,,,,,600,0,0
20-Jun-24 19:20:14:213,DRUPLUS999,,,0,0,1,0,128.3,127.22,1.1,,,,,,,600,0,0
20-Jun-24 19:20:16:214,DRUPLUS999,,,0,0,1,0,128.12,127.22,1,,,,,,,600,0,0
20-Jun-24 19:20:18:214,DRUPLUS999,,,0,0,1,0,128.12,127.22,1,,,,,,,600,0,0
20-Jun-24 19:20:20:214,DRUPLUS999,,,0,0,1,0,128.12,127.22,1.1,,,,,,,600,0,0
20-Jun-24 19:20:22:215,DRUPLUS999,,,0,0,1,0,128.12,127.22,1.1,,,,,,,600,0,0
20-Jun-24 19:20:24:214,DRUPLUS999,,,0,0,1,0,128.12,127.22,1,,,,,,,600,0,0
20-Jun-24 19:20:26:214,DRUPLUS999,,,0,0,1,0,128.12,127.22,1.1,,,,,,,600,0,0
20-Jun-24 19:20:28:214,DRUPLUS999,,,0,0,1,0,128.12,127.22,1,,,,,,,600,0,0
20-Jun-24 19:20:30:215,DRUPLUS999,,,0,0,1,0,127.94,127.22,1.1,,,,,,,600,0,0
20-Jun-24 19:20:32:216,DRUPLUS999,,,0,0,1,0,127.94,127.04,1.1,,,,,,,600,0,0
20-Jun-24 19:20:34:216,DRUPLUS999,,,0,0,1,0,127.94,127.04,1.1,,,,,,,600,0,0
20-Jun-24 19:20:36:216,DRUPLUS999,,,0,0,1,0,127.94,127.04,1.1,,,,,,,600,0,0
20-Jun-24 19:20:38:217,DRUPLUS999,,,0,0,1,0,127.94,127.04,1.1,,,,,,,600,0,0
20-Jun-24 19:20:40:217,DRUPLUS999,,,0,0,1,0,127.94,127.04,1.1,,,,,,,600,0,0
20-Jun-24 19:20:42:217,DRUPLUS999,,,0,0,1,0,127.76,127.04,1,,,,,,,600,0,0
20-Jun-24 19:20:44:217,DRUPLUS999,,,0,0,1,0,127.76,127.04,1.1,,,,,,,600,0,0
20-Jun-24 19:20:46:217,DRUPLUS999,,,0,0,1,0,127.76,127.04,1.1,,,,,,,600,0,0
20-Jun-24 19:20:48:217,DRUPLUS999,,,0,0,1,0,127.76,126.86,1.1,,,,,,,600,0,0
20-Jun-24 19:20:50:217,DRUPLUS999,,,0,0,1,0,127.76,126.86,1,,,,,,,600,0,0
20-Jun-24 19:20:52:217,DRUPLUS999,,,0,0,1,0,127.76,126.86,1.1,,,,,,,600,0,0
20-Jun-24 19:20:54:218,DRUPLUS999,,,0,0,1,0,127.76,126.86,1,,,,,,,600,0,0
20-Jun-24 19:20:56:217,DRUPLUS999,,,0,0,1,0,127.58,126.86,1,,,,,,,600,0,0
20-Jun-24 19:20:58:218,DRUPLUS999,,,0,0,1,0,127.58,126.86,1.1,,,,,,,600,0,0
20-Jun-24 19:21:00:218,DRUPLUS999,,,0,0,1,0,127.58,126.86,1.1,,,,,,,600,0,0
20-Jun-24 19:21:02:219,DRUPLUS999,,,0,0,1,0,127.58,126.86,1.1,,,,,,,600,0,0
20-Jun-24 19:21:04:219,DRUPLUS999,,,0,0,1,0,127.58,126.86,1,,,,,,,600,0,0
20-Jun-24 19:21:06:219,DRUPLUS999,,,0,0,1,0,127.58,126.86,1,,,,,,,600,0,0
20-Jun-24 19:21:08:220,DRUPLUS999,,,0,0,1,0,127.58,126.86,1.1,,,,,,,600,0,0
20-Jun-24 19:21:10:219,DRUPLUS999,,,0,0,1,0,127.4,127.04,1.1,,,,,,,600,0,0
20-Jun-24 19:21:12:220,DRUPLUS999,,,0,0,1,0,127.4,127.04,1.1,,,,,,,600,0,0
20-Jun-24 19:21:14:220,DRUPLUS999,,,0,0,1,0,127.4,126.86,1.1,,,,,,,600,0,0
20-Jun-24 19:21:16:220,DRUPLUS999,,,0,0,1,0,127.4,126.86,1,,,,,,,600,0,0
20-Jun-24 19:21:18:220,DRUPLUS999,,,0,0,1,0,127.4,126.86,1.1,,,,,,,600,0,0
20-Jun-24 19:21:20:220,DRUPLUS999,,,0,0,1,0,127.4,126.86,1.1,,,,,,,600,0,0
20-Jun-24 19:21:22:219,DRUPLUS999,,,0,0,1,0,127.4,126.68,1.1,,,,,,,600,0,0
20-Jun-24 19:21:24:220,DRUPLUS999,,,0,0,1,0,127.4,126.68,1.1,,,,,,,600,0,0
20-Jun-24 19:21:26:220,DRUPLUS999,,,0,0,1,0,127.22,126.5,1.1,,,,,,,600,0,0
20-Jun-24 19:21:28:221,DRUPLUS999,,,0,0,1,0,127.22,126.5,1,,,,,,,600,0,0
20-Jun-24 19:21:30:221,DRUPLUS999,,,0,0,1,0,127.22,126.5,1,,,,,,,600,0,0
20-Jun-24 19:21:32:221,DRUPLUS999,,,0,0,1,0,127.22,126.68,1.1,,,,,,,600,0,0
20-Jun-24 19:21:34:221,DRUPLUS999,,,0,0,1,0,127.22,126.68,1.1,,,,,,,600,0,0
20-Jun-24 19:21:36:221,DRUPLUS999,,,0,0,1,0,127.22,126.68,1.1,,,,,,,600,0,0
20-Jun-24 19:21:38:221,DRUPLUS999,,,0,0,1,0,127.22,126.68,1.1,,,,,,,600,0,0
20-Jun-24 19:21:40:221,DRUPLUS999,,,0,0,1,0,127.22,126.68,1,,,,,,,600,0,0
20-Jun-24 19:21:42:221,DRUPLUS999,,,0,0,1,0,127.04,126.68,1.1,,,,,,,600,0,0
20-Jun-24 19:21:44:224,DRUPLUS999,,,0,0,1,0,127.04,126.68,1.1,,,,,,,600,0,0
20-Jun-24 19:21:46:224,DRUPLUS999,,,0,0,1,0,127.04,126.68,1,,,,,,,600,0,0
20-Jun-24 19:21:48:224,DRUPLUS999,,,0,0,1,0,127.04,126.68,1.1,,,,,,,600,0,0
20-Jun-24 19:21:50:225,DRUPLUS999,,,0,0,1,0,127.04,126.5,1.1,,,,,,,600,0,0
20-Jun-24 19:21:52:226,DRUPLUS999,,,0,0,1,0,127.04,126.5,1.1,,,,,,,600,0,0
20-Jun-24 19:21:54:226,DRUPLUS999,,,0,0,1,0,127.04,126.5,1.1,,,,,,,600,0,0
20-Jun-24 19:21:56:227,DRUPLUS999,,,0,0,1,0,127.04,126.5,1.1,,,,,,,600,0,0
20-Jun-24 19:21:58:226,DRUPLUS999,,,0,0,1,0,126.86,126.5,1.1,,,,,,,600,0,0
20-Jun-24 19:22:00:226,DRUPLUS999,,,0,0,1,0,126.86,126.5,1,,,,,,,600,0,0
20-Jun-24 19:22:02:226,DRUPLUS999,,,0,0,1,0,126.86,126.5,1.1,,,,,,,600,0,0
20-Jun-24 19:22:04:227,DRUPLUS999,,,0,0,1,0,126.86,126.5,1,,,,,,,600,0,0
20-Jun-24 19:22:06:226,DRUPLUS999,,,0,0,1,0,126.86,126.5,1.1,,,,,,,600,0,0
20-Jun-24 19:22:08:226,DRUPLUS999,,,0,0,1,0,126.86,126.5,1.1,,,,,,,600,0,0
20-Jun-24 19:22:10:227,DRUPLUS999,,,0,0,1,0,126.86,126.32,1,,,,,,,600,0,0
20-Jun-24 19:22:12:227,DRUPLUS999,,,0,0,1,0,126.86,126.32,1,,,,,,,600,0,0
20-Jun-24 19:22:14:227,DRUPLUS999,,,0,0,1,0,126.68,126.32,1,,,,,,,600,0,0
20-Jun-24 19:22:16:227,DRUPLUS999,,,0,0,1,0,126.68,126.32,1.1,,,,,,,600,0,0
20-Jun-24 19:22:18:228,DRUPLUS999,,,0,0,1,0,126.68,126.32,1.1,,,,,,,600,0,0
20-Jun-24 19:22:20:227,DRUPLUS999,,,0,0,1,0,126.68,126.32,1.1,,,,,,,600,0,0
20-Jun-24 19:22:22:227,DRUPLUS999,,,0,0,1,0,126.68,126.32,1.1,,,,,,,600,0,0
20-Jun-24 19:22:24:227,DRUPLUS999,,,0,0,1,0,126.68,126.32,1.1,,,,,,,600,0,0
20-Jun-24 19:22:26:228,DRUPLUS999,,,0,0,1,0,126.68,126.32,1.1,,,,,,,600,0,0
20-Jun-24 19:22:28:228,DRUPLUS999,,,0,0,1,0,126.68,126.32,1,,,,,,,600,0,0
20-Jun-24 19:22:30:228,DRUPLUS999,,,0,0,1,0,126.68,126.14,1.1,,,,,,,600,0,0
20-Jun-24 19:22:32:228,DRUPLUS999,,,0,0,1,0,126.5,126.14,1.1,,,,,,,600,0,0
20-Jun-24 19:22:34:228,DRUPLUS999,,,0,0,1,0,126.5,126.14,1.1,,,,,,,600,0,0
20-Jun-24 19:22:36:228,DRUPLUS999,,,0,0,1,0,126.5,126.14,1,,,,,,,600,0,0
20-Jun-24 19:22:38:229,DRUPLUS999,,,0,0,1,0,126.5,125.96,1.1,,,,,,,600,0,0
20-Jun-24 19:22:40:229,DRUPLUS999,,,0,0,1,0,126.5,125.96,1,,,,,,,600,0,0
20-Jun-24 19:22:42:230,DRUPLUS999,,,0,0,1,0,126.5,126.14,1.1,,,,,,,600,0,0
20-Jun-24 19:22:44:230,DRUPLUS999,,,0,0,1,0,126.5,126.14,1.1,,,,,,,600,0,0
20-Jun-24 19:22:46:230,DRUPLUS999,,,0,0,1,0,126.5,126.14,1.1,,,,,,,600,0,0
20-Jun-24 19:22:48:230,DRUPLUS999,,,0,0,1,0,126.5,126.14,1.1,,,,,,,600,0,0
20-Jun-24 19:22:50:231,DRUPLUS999,,,0,0,1,0,126.32,126.14,1.1,,,,,,,600,0,0
20-Jun-24 19:22:52:231,DRUPLUS999,,,0,0,1,0,126.32,126.14,1.1,,,,,,,600,0,0
20-Jun-24 19:22:54:231,DRUPLUS999,,,0,0,1,0,126.32,126.14,1.1,,,,,,,600,0,0
20-Jun-24 19:22:56:231,DRUPLUS999,,,0,0,1,0,126.32,126.14,1.1,,,,,,,600,0,0
20-Jun-24 19:22:58:231,DRUPLUS999,,,0,0,1,0,126.32,126.14,1.1,,,,,,,600,0,0
20-Jun-24 19:23:00:231,DRUPLUS999,,,0,0,1,0,126.32,126.14,1.1,,,,,,,600,0,0
20-Jun-24 19:23:02:231,DRUPLUS999,,,0,0,1,0,126.32,126.14,1.1,,,,,,,600,0,0
20-Jun-24 19:23:04:231,DRUPLUS999,,,0,0,1,0,126.32,126.14,1,,,,,,,600,0,0
20-Jun-24 19:23:06:233,DRUPLUS999,,,0,0,1,0,126.32,125.96,1,,,,,,,600,0,0
20-Jun-24 19:23:08:233,DRUPLUS999,,,0,0,1,0,126.14,125.96,1.1,,,,,,,600,0,0
20-Jun-24 19:23:10:233,DRUPLUS999,,,0,0,1,0,126.14,125.96,1.1,,,,,,,600,0,0
20-Jun-24 19:23:12:233,DRUPLUS999,,,0,0,1,0,126.14,125.96,1.1,,,,,,,600,0,0
20-Jun-24 19:23:14:233,DRUPLUS999,,,0,0,1,0,126.14,125.96,1.1,,,,,,,600,0,0
20-Jun-24 19:23:16:233,DRUPLUS999,,,0,0,1,0,126.14,125.96,1.1,,,,,,,600,0,0
20-Jun-24 19:23:18:233,DRUPLUS999,,,0,0,1,0,126.14,125.78,1.1,,,,,,,600,0,0
20-Jun-24 19:23:20:233,DRUPLUS999,,,0,0,1,0,126.14,125.78,1.1,,,,,,,600,0,0
20-Jun-24 19:23:22:234,DRUPLUS999,,,0,0,1,0,126.14,125.96,1.1,,,,,,,600,0,0
20-Jun-24 19:23:24:236,DRUPLUS999,,,0,0,1,0,126.14,125.96,1.1,,,,,,,600,0,0
20-Jun-24 19:23:26:234,DRUPLUS999,,,0,0,1,0,126.14,125.96,1,,,,,,,600,0,0
20-Jun-24 19:23:28:234,DRUPLUS999,,,0,0,1,0,125.96,125.96,1.1,,,,,,,600,0,0
20-Jun-24 19:23:30:236,DRUPLUS999,,,0,0,1,0,125.96,125.96,1.1,,,,,,,600,0,0
20-Jun-24 19:23:32:236,DRUPLUS999,,,0,0,1,0,125.96,125.96,1,,,,,,,600,0,0
20-Jun-24 19:23:34:236,DRUPLUS999,,,0,0,1,0,125.96,125.96,1.1,,,,,,,600,0,0
20-Jun-24 19:23:36:236,DRUPLUS999,,,0,0,1,0,125.96,125.78,1,,,,,,,600,0,0
20-Jun-24 19:23:38:236,DRUPLUS999,,,0,0,1,0,125.96,125.78,1.1,,,,,,,600,0,0
20-Jun-24 19:23:40:236,DRUPLUS999,,,0,0,1,0,125.96,125.78,1.1,,,,,,,600,0,0
20-Jun-24 19:23:42:236,DRUPLUS999,,,0,0,1,0,125.96,125.78,1.1,,,,,,,600,0,0
20-Jun-24 19:23:44:238,DRUPLUS999,,,0,0,1,0,125.96,125.78,1.1,,,,,,,600,0,0
20-Jun-24 19:23:46:238,DRUPLUS999,,,0,0,1,0,125.96,125.6,1.1,,,,,,,600,0,0
20-Jun-24 19:23:48:238,DRUPLUS999,,,0,0,1,0,125.78,125.78,1,,,,,,,600,0,0
20-Jun-24 19:23:50:238,DRUPLUS999,,,0,0,1,0,125.78,125.78,1.1,,,,,,,600,0,0
20-Jun-24 19:23:52:238,DRUPLUS999,,,0,0,1,0,125.78,125.78,1.1,,,,,,,600,0,0
20-Jun-24 19:23:54:238,DRUPLUS999,,,0,0,1,0,125.78,125.78,1.1,,,,,,,600,0,0
20-Jun-24 19:23:56:238,DRUPLUS999,,,0,0,1,0,125.78,125.78,1.1,,,,,,,600,0,0
20-Jun-24 19:23:58:239,DRUPLUS999,,,0,0,1,0,125.78,125.78,1,,,,,,,600,0,0
20-Jun-24 19:24:00:238,DRUPLUS999,,,0,0,1,0,125.78,125.78,1.1,,,,,,,600,0,0
20-Jun-24 19:24:02:239,DRUPLUS999,,,0,0,1,0,125.78,125.6,1.1,,,,,,,600,0,0
20-Jun-24 19:24:04:239,DRUPLUS999,,,0,0,1,0,125.78,125.6,1.1,,,,,,,600,0,0
20-Jun-24 19:24:06:239,DRUPLUS999,,,0,0,1,0,125.78,125.6,1.1,,,,,,,600,0,0
20-Jun-24 19:24:08:239,DRUPLUS999,,,0,0,1,0,125.78,125.6,1.1,,,,,,,600,0,0
20-Jun-24 19:24:10:239,DRUPLUS999,,,0,0,1,0,125.6,125.6,1.1,,,,,,,600,0,0
20-Jun-24 19:24:12:239,DRUPLUS999,,,0,0,1,0,125.6,125.6,1.1,,,,,,,600,0,0
20-Jun-24 19:24:14:240,DRUPLUS999,,,0,0,1,0,125.6,125.6,1.1,,,,,,,600,0,0
20-Jun-24 19:24:16:241,DRUPLUS999,,,0,0,1,0,125.6,125.6,1.1,,,,,,,600,0,0
20-Jun-24 19:24:18:241,DRUPLUS999,,,0,0,1,0,125.6,125.6,1.1,,,,,,,600,0,0
20-Jun-24 19:24:20:241,DRUPLUS999,,,0,0,1,0,125.6,125.6,1.1,,,,,,,600,0,0
20-Jun-24 19:24:22:241,DRUPLUS999,,,0,0,1,0,125.6,125.6,1,,,,,,,600,0,0
20-Jun-24 19:24:24:241,DRUPLUS999,,,0,0,1,0,125.6,125.6,1.1,,,,,,,600,0,0
20-Jun-24 19:24:26:241,DRUPLUS999,,,0,0,1,0,125.6,125.6,1.1,,,,,,,600,0,0
20-Jun-24 19:24:28:241,DRUPLUS999,,,0,0,1,0,125.6,125.6,1.1,,,,,,,600,0,0
20-Jun-24 19:24:30:241,DRUPLUS999,,,0,0,1,0,125.42,125.42,1.1,,,,,,,600,0,0
20-Jun-24 19:24:32:241,DRUPLUS999,,,0,0,1,0,125.42,125.42,1.1,,,,,,,600,0,0
20-Jun-24 19:24:34:241,DRUPLUS999,,,0,0,1,0,125.42,125.24,1.1,,,,,,,600,0,0
20-Jun-24 19:24:36:242,DRUPLUS999,,,0,0,1,0,125.42,125.24,1,,,,,,,600,0,0
20-Jun-24 19:24:38:242,DRUPLUS999,,,0,0,1,0,125.42,125.24,1.1,,,,,,,600,0,0
20-Jun-24 19:24:40:242,DRUPLUS999,,,0,0,1,0,125.42,125.24,1.1,,,,,,,600,0,0
20-Jun-24 19:24:42:244,DRUPLUS999,,,0,0,1,0,125.42,125.24,1.1,,,,,,,600,0,0
20-Jun-24 19:24:44:243,DRUPLUS999,,,0,0,1,0,125.42,125.24,1.1,,,,,,,600,0,0
20-Jun-24 19:24:46:243,DRUPLUS999,,,0,0,1,0,125.42,125.24,1,,,,,,,600,0,0
20-Jun-24 19:24:48:243,DRUPLUS999,,,0,0,1,0,125.42,125.42,1.1,,,,,,,600,0,0
20-Jun-24 19:24:50:243,DRUPLUS999,,,0,0,1,0,125.42,125.42,1.1,,,,,,,600,0,0
20-Jun-24 19:24:52:243,DRUPLUS999,,,0,0,1,0,125.24,125.42,1.1,,,,,,,600,0,0
20-Jun-24 19:24:54:243,DRUPLUS999,,,0,0,1,0,125.24,125.42,1.1,,,,,,,600,0,0
20-Jun-24 19:24:56:243,DRUPLUS999,,,0,0,1,0,125.24,125.24,1.1,,,,,,,600,0,0
20-Jun-24 19:24:58:243,DRUPLUS999,,,0,0,1,0,125.24,125.24,1,,,,,,,600,0,0
20-Jun-24 19:25:00:243,DRUPLUS999,,,0,0,1,0,125.24,125.06,1.1,,,,,,,600,0,0
20-Jun-24 19:25:02:243,DRUPLUS999,,,0,0,1,0,125.24,125.06,1.1,,,,,,,600,0,0
20-Jun-24 19:25:04:243,DRUPLUS999,,,0,0,1,0,125.24,125.06,1.1,,,,,,,600,0,0
20-Jun-24 19:25:06:243,DRUPLUS999,,,0,0,1,0,125.24,125.06,1.1,,,,,,,600,0,0
20-Jun-24 19:25:08:243,DRUPLUS999,,,0,0,1,0,125.24,125.06,1.1,,,,,,,600,0,0
20-Jun-24 19:25:10:244,DRUPLUS999,,,0,0,1,0,125.24,125.24,1.1,,,,,,,600,0,0
20-Jun-24 19:25:12:244,DRUPLUS999,,,0,0,1,0,125.24,125.24,1.1,,,,,,,600,0,0
20-Jun-24 19:25:14:243,DRUPLUS999,,,0,0,1,0,125.06,125.24,1.1,,,,,,,600,0,0
20-Jun-24 19:25:16:243,DRUPLUS999,,,0,0,1,0,125.06,125.06,1.1,,,,,,,600,0,0
20-Jun-24 19:25:18:243,DRUPLUS999,,,0,0,1,0,125.06,125.06,1.1,,,,,,,600,0,0
20-Jun-24 19:25:20:242,DRUPLUS999,,,0,0,1,0,125.06,125.06,1.1,,,,,,,600,0,0
20-Jun-24 19:25:22:243,DRUPLUS999,,,0,0,1,0,125.06,125.06,1.1,,,,,,,600,0,0
20-Jun-24 19:25:24:243,DRUPLUS999,,,0,0,1,0,125.06,125.06,1.1,,,,,,,600,0,0
20-Jun-24 19:25:26:243,DRUPLUS999,,,0,0,1,0,125.06,125.06,1,,,,,,,600,0,0
20-Jun-24 19:25:28:243,DRUPLUS999,,,0,0,1,0,125.06,125.06,1.1,,,,,,,600,0,0
20-Jun-24 19:25:30:243,DRUPLUS999,,,0,0,1,0,125.06,125.06,1.1,,,,,,,600,0,0
20-Jun-24 19:25:32:244,DRUPLUS999,,,0,0,1,0,125.06,124.88,1.1,,,,,,,600,0,0
20-Jun-24 19:25:34:244,DRUPLUS999,,,0,0,1,0,125.06,124.88,1,,,,,,,600,0,0
20-Jun-24 19:25:36:244,DRUPLUS999,,,0,0,1,0,125.06,124.88,1.1,,,,,,,600,0,0
20-Jun-24 19:25:38:244,DRUPLUS999,,,0,0,1,0,124.88,125.06,1.1,,,,,,,600,0,0
20-Jun-24 19:25:40:243,DRUPLUS999,,,0,0,1,0,124.88,125.06,1,,,,,,,600,0,0
20-Jun-24 19:25:42:244,DRUPLUS999,,,0,0,1,0,124.88,125.06,1.1,,,,,,,600,0,0
20-Jun-24 19:25:44:244,DRUPLUS999,,,0,0,1,0,124.88,125.06,1.1,,,,,,,600,0,0
20-Jun-24 19:25:46:244,DRUPLUS999,,,0,0,1,0,124.88,124.88,1,,,,,,,600,0,0
20-Jun-24 19:25:48:244,DRUPLUS999,,,0,0,1,0,124.88,124.88,1.1,,,,,,,600,0,0
20-Jun-24 19:25:50:244,DRUPLUS999,,,0,0,1,0,124.88,124.88,1.1,,,,,,,600,0,0
20-Jun-24 19:25:52:244,DRUPLUS999,,,0,0,1,0,124.88,124.88,1,,,,,,,600,0,0
20-Jun-24 19:25:54:244,DRUPLUS999,,,0,0,1,0,124.88,124.88,1.1,,,,,,,600,0,0
20-Jun-24 19:25:56:244,DRUPLUS999,,,0,0,1,0,124.88,124.88,1.1,,,,,,,600,0,0
20-Jun-24 19:25:58:244,DRUPLUS999,,,0,0,1,0,124.88,124.7,1.1,,,,,,,600,0,0
20-Jun-24 19:26:00:244,DRUPLUS999,,,0,0,1,0,124.88,124.7,1.1,,,,,,,600,0,0
20-Jun-24 19:26:02:244,DRUPLUS999,,,0,0,1,0,124.7,124.7,1,,,,,,,600,0,0
20-Jun-24 19:26:04:246,DRUPLUS999,,,0,0,1,0,124.7,124.88,1,,,,,,,600,0,0
20-Jun-24 19:26:06:246,DRUPLUS999,,,0,0,1,0,124.7,124.88,1.1,,,,,,,600,0,0
20-Jun-24 19:26:08:247,DRUPLUS999,,,0,0,1,0,124.7,124.88,1,,,,,,,600,0,0
20-Jun-24 19:26:10:247,DRUPLUS999,,,0,0,1,0,124.7,124.7,1,,,,,,,600,0,0
20-Jun-24 19:26:12:247,DRUPLUS999,,,0,0,1,0,124.7,124.7,1.1,,,,,,,600,0,0
20-Jun-24 19:26:14:248,DRUPLUS999,,,0,0,1,0,124.7,124.7,1.1,,,,,,,600,0,0
20-Jun-24 19:26:16:248,DRUPLUS999,,,0,0,1,0,124.7,124.7,1.1,,,,,,,600,0,0
20-Jun-24 19:26:18:248,DRUPLUS999,,,0,0,1,0,124.7,124.7,1,,,,,,,600,0,0
20-Jun-24 19:26:20:249,DRUPLUS999,,,0,0,1,0,124.7,124.52,1,,,,,,,600,0,0
20-Jun-24 19:26:22:249,DRUPLUS999,,,0,0,1,0,124.7,124.52,1.1,,,,,,,600,0,0
20-Jun-24 19:26:24:249,DRUPLUS999,,,0,0,1,0,124.52,124.52,1.1,,,,,,,600,0,0
20-Jun-24 19:26:26:249,DRUPLUS999,,,0,0,1,0,124.52,124.52,1,,,,,,,600,0,0
20-Jun-24 19:26:28:249,DRUPLUS999,,,0,0,1,0,124.52,124.52,1,,,,,,,600,0,0
20-Jun-24 19:26:30:248,DRUPLUS999,,,0,0,1,0,124.52,124.52,1.1,,,,,,,600,0,0
20-Jun-24 19:26:32:249,DRUPLUS999,,,0,0,1,0,124.52,124.52,1.1,,,,,,,600,0,0
20-Jun-24 19:26:34:249,DRUPLUS999,,,0,0,1,0,124.52,124.52,1.1,,,,,,,600,0,0
20-Jun-24 19:26:36:249,DRUPLUS999,,,0,0,1,0,124.52,124.52,1.1,,,,,,,600,0,0
20-Jun-24 19:26:38:249,DRUPLUS999,,,0,0,1,0,124.52,124.52,1.1,,,,,,,600,0,0
20-Jun-24 19:26:40:250,DRUPLUS999,,,0,0,1,0,124.52,124.52,1.1,,,,,,,600,0,0
20-Jun-24 19:26:42:250,DRUPLUS999,,,0,0,1,0,124.52,124.52,1.1,,,,,,,600,0,0
20-Jun-24 19:26:44:250,DRUPLUS999,,,0,0,1,0,124.52,124.52,1,,,,,,,600,0,0
20-Jun-24 19:26:46:252,DRUPLUS999,,,0,0,1,0,124.52,124.52,1.1,,,,,,,600,0,0
20-Jun-24 19:26:48:252,DRUPLUS999,,,0,0,1,0,124.52,124.52,1,,,,,,,600,0,0
20-Jun-24 19:26:50:252,DRUPLUS999,,,0,0,1,0,124.34,124.52,1.1,,,,,,,600,0,0
20-Jun-24 19:26:52:252,DRUPLUS999,,,0,0,1,0,124.34,124.52,1.1,,,,,,,600,0,0
20-Jun-24 19:26:54:253,DRUPLUS999,,,0,0,1,0,124.34,124.34,1.1,,,,,,,600,0,0
20-Jun-24 19:26:56:253,DRUPLUS999,,,0,0,1,0,124.34,124.34,1.1,,,,,,,600,0,0
20-Jun-24 19:26:58:254,DRUPLUS999,,,0,0,1,0,124.34,124.34,1.1,,,,,,,600,0,0
20-Jun-24 19:27:00:253,DRUPLUS999,,,0,0,1,0,124.34,124.34,1.1,,,,,,,600,0,0
20-Jun-24 19:27:02:253,DRUPLUS999,,,0,0,1,0,124.34,124.16,1,,,,,,,600,0,0
20-Jun-24 19:27:04:254,DRUPLUS999,,,0,0,1,0,124.34,124.34,1,,,,,,,600,0,0
20-Jun-24 19:27:06:254,DRUPLUS999,,,0,0,1,0,124.34,124.34,1.1,,,,,,,600,0,0
20-Jun-24 19:27:08:254,DRUPLUS999,,,0,0,1,0,124.34,124.34,1.1,,,,,,,600,0,0
20-Jun-24 19:27:10:255,DRUPLUS999,,,0,0,1,0,124.34,124.34,1.1,,,,,,,600,0,0
20-Jun-24 19:27:12:255,DRUPLUS999,,,0,0,1,0,124.34,124.34,1,,,,,,,600,0,0
20-Jun-24 19:27:14:256,DRUPLUS999,,,0,0,1,0,124.16,124.34,1.1,,,,,,,600,0,0
20-Jun-24 19:27:16:255,DRUPLUS999,,,0,0,1,0,124.16,124.16,1.1,,,,,,,600,0,0
20-Jun-24 19:27:18:255,DRUPLUS999,,,0,0,1,0,124.16,124.16,1,,,,,,,600,0,0
20-Jun-24 19:27:20:255,DRUPLUS999,,,0,0,1,0,124.16,124.34,1.1,,,,,,,600,0,0
20-Jun-24 19:27:22:255,DRUPLUS999,,,0,0,1,0,124.16,124.34,1,,,,,,,600,0,0
20-Jun-24 19:27:24:256,DRUPLUS999,,,0,0,1,0,124.16,124.16,1.1,,,,,,,600,0,0
20-Jun-24 19:27:26:257,DRUPLUS999,,,0,0,1,0,124.16,124.34,1.1,,,,,,,600,0,0
20-Jun-24 19:27:28:257,DRUPLUS999,,,0,0,1,0,124.16,124.16,1.1,,,,,,,600,0,0
20-Jun-24 19:27:30:257,DRUPLUS999,,,0,0,1,0,124.16,124.16,1.1,,,,,,,600,0,0
20-Jun-24 19:27:32:257,DRUPLUS999,,,0,0,1,0,124.16,124.16,1.1,,,,,,,600,0,0
20-Jun-24 19:27:34:257,DRUPLUS999,,,0,0,1,0,124.16,124.16,1.1,,,,,,,600,0,0
20-Jun-24 19:27:36:257,DRUPLUS999,,,0,0,1,0,124.16,124.16,1,,,,,,,600,0,0
20-Jun-24 19:27:38:257,DRUPLUS999,,,0,0,1,0,124.16,124.16,1.1,,,,,,,600,0,0
20-Jun-24 19:27:40:257,DRUPLUS999,,,0,0,1,0,123.98,124.16,1,,,,,,,600,0,0
20-Jun-24 19:27:42:257,DRUPLUS999,,,0,0,1,0,123.98,123.98,1.1,,,,,,,600,0,0
20-Jun-24 19:27:44:257,DRUPLUS999,,,0,0,1,0,123.98,123.98,1.1,,,,,,,600,0,0
20-Jun-24 19:27:46:259,DRUPLUS999,,,0,0,1,0,123.98,123.98,1.1,,,,,,,600,0,0
20-Jun-24 19:27:48:257,DRUPLUS999,,,0,0,1,0,123.98,123.98,1.1,,,,,,,600,0,0
20-Jun-24 19:27:50:257,DRUPLUS999,,,0,0,1,0,123.98,123.98,1.1,,,,,,,600,0,0
20-Jun-24 19:27:52:257,DRUPLUS999,,,0,0,1,0,123.98,123.98,1,,,,,,,600,0,0
20-Jun-24 19:27:54:259,DRUPLUS999,,,0,0,1,0,123.98,123.98,1.1,,,,,,,600,0,0
20-Jun-24 19:27:56:257,DRUPLUS999,,,0,0,1,0,123.98,123.98,1.1,,,,,,,600,0,0
20-Jun-24 19:27:58:257,DRUPLUS999,,,0,0,1,0,123.98,123.98,1.1,,,,,,,600,0,0
20-Jun-24 19:28:00:257,DRUPLUS999,,,0,0,1,0,123.98,123.98,1.1,,,,,,,600,0,0
20-Jun-24 19:28:02:259,DRUPLUS999,,,0,0,1,0,123.98,123.98,1.1,,,,,,,600,0,0
20-Jun-24 19:28:04:257,DRUPLUS999,,,0,0,1,0,123.8,123.98,1.1,,,,,,,600,0,0
20-Jun-24 19:28:06:259,DRUPLUS999,,,0,0,1,0,123.8,123.98,1.1,,,,,,,600,0,0
20-Jun-24 19:28:08:259,DRUPLUS999,,,0,0,1,0,123.8,123.98,1.1,,,,,,,600,0,0
20-Jun-24 19:28:10:260,DRUPLUS999,,,0,0,1,0,123.8,123.98,1.1,,,,,,,600,0,0
20-Jun-24 19:28:12:260,DRUPLUS999,,,0,0,1,0,123.8,123.98,1.1,,,,,,,600,0,0
20-Jun-24 19:28:14:261,DRUPLUS999,,,0,0,1,0,123.8,123.98,1.1,,,,,,,600,0,0
20-Jun-24 19:28:16:262,DRUPLUS999,,,0,0,1,0,123.8,123.98,1.1,,,,,,,600,0,0
20-Jun-24 19:28:18:261,DRUPLUS999,,,0,0,1,0,123.8,123.98,1.1,,,,,,,600,0,0
20-Jun-24 19:28:20:261,DRUPLUS999,,,0,0,1,0,123.8,123.98,1.1,,,,,,,600,0,0
20-Jun-24 19:28:22:261,DRUPLUS999,,,0,0,1,0,123.8,123.98,1,,,,,,,600,0,0
20-Jun-24 19:28:24:262,DRUPLUS999,,,0,0,1,0,123.8,123.8,1.1,,,,,,,600,0,0
20-Jun-24 19:28:26:261,DRUPLUS999,,,0,0,1,0,123.8,123.8,1.1,,,,,,,600,0,0
20-Jun-24 19:28:28:262,DRUPLUS999,,,0,0,1,0,123.8,123.8,1.1,,,,,,,600,0,0
20-Jun-24 19:28:30:264,DRUPLUS999,,,0,0,1,0,123.8,123.8,1.1,,,,,,,600,0,0
20-Jun-24 19:28:32:263,DRUPLUS999,,,0,0,1,0,123.62,123.8,1.1,,,,,,,600,0,0
20-Jun-24 19:28:34:263,DRUPLUS999,,,0,0,1,0,123.62,123.8,1.1,,,,,,,600,0,0
20-Jun-24 19:28:36:264,DRUPLUS999,,,0,0,1,0,123.62,123.8,1,,,,,,,600,0,0
20-Jun-24 19:28:38:265,DRUPLUS999,,,0,0,1,0,123.62,123.62,1.1,,,,,,,600,0,0
20-Jun-24 19:28:40:264,DRUPLUS999,,,0,0,1,0,123.62,123.62,1.1,,,,,,,600,0,0
20-Jun-24 19:28:42:264,DRUPLUS999,,,0,0,1,0,123.62,123.62,1.1,,,,,,,600,0,0
20-Jun-24 19:28:44:264,DRUPLUS999,,,0,0,1,0,123.62,123.62,1.1,,,,,,,600,0,0
20-Jun-24 19:28:46:264,DRUPLUS999,,,0,0,1,0,123.62,123.62,1.1,,,,,,,600,0,0
20-Jun-24 19:28:48:264,DRUPLUS999,,,0,0,1,0,123.62,123.62,1.1,,,,,,,600,0,0
20-Jun-24 19:28:50:264,DRUPLUS999,,,0,0,1,0,123.62,123.62,1.1,,,,,,,600,0,0
20-Jun-24 19:28:52:264,DRUPLUS999,,,0,0,1,0,123.62,123.62,1.1,,,,,,,600,0,0
